key,lat,lon,source
port blair,11.6233774,92.7264828,vynex
adoni,15.6322227,77.2728368,vynex
amaravati,16.574517,80.359012,vynex
anantapur,14.6818877,77.6005911,vynex
bhimavaram,16.544709,81.520593,vynex
chilakaluripet,16.0924301,80.1623948,vynex
chittoor,13.217176,79.1003289,vynex
dharmavaram,14.422733,77.721472,vynex
eluru,16.7106604,81.0952431,vynex
gudivada,16.4410255,80.9926327,vynex
guntakal,15.1674091,77.3736238,vynex
guntur,16.3066525,80.4365402,vynex
hindupur,13.829069,77.491835,vynex
kadapa,14.4673541,78.8241339,vynex
kakinada,16.9890648,82.2474648,vynex
kurnool,15.8281257,78.0372792,vynex
machilipatnam,16.1905457,81.1361543,vynex
madanapalle,13.5603491,78.5036065,vynex
nandyal,15.4785694,78.4830934,vynex
narasaraopet,16.2353506,80.0479039,vynex
nellore,14.4425987,79.986456,vynex
ongole,15.5057232,80.049922,vynex
proddatur,14.7491864,78.5531577,vynex
rajamahendravaram,17.0005383,81.8040345,vynex
srikakulam,18.2969747,83.8967813,vynex
tadepalligudem,16.8138415,81.521241,vynex
tadipatri,14.9070274,78.0092703,vynex
tenali,16.2395313,80.6493396,vynex
tirupati,13.6287557,79.4191795,vynex
vijayawada,16.5061743,80.6480153,vynex
visakhapatnam,17.6868159,83.2184815,vynex
vizianagaram,18.1066576,83.3955506,vynex
itanagar,27.081581,93.6027,vynex
bongaigaon,26.5009992,90.5352356,vynex
dhubri,26.0206982,89.9743463,vynex
dibrugarh,27.4728327,94.9119621,vynex
guwahati,26.1445169,91.7362365,vynex
jorhat,26.7465203,94.2025859,vynex
nagaon,26.3463713,92.6840426,vynex
silchar,24.8332708,92.7789054,vynex
tezpur,26.6528495,92.7925592,vynex
tinsukia,27.4921909,95.346775,vynex
arrah,25.5560443,84.6603307,vynex
aurangabad,19.8761653,75.3433139,vynex
bagaha,27.128635,84.062203,vynex
begusarai,25.416675,86.1293792,vynex
bettiah,26.8028048,84.5169757,vynex
bhagalpur,25.2414303,86.9924358,vynex
bihar sharif,25.1982147,85.5148735,vynex
buxar,25.5647103,83.9777482,vynex
chhapra,25.7795649,84.7498886,vynex
darbhanga,26.111868,85.896004,vynex
dehri,24.9277351,84.1909841,vynex
gaya,24.7954523,84.999431,vynex
hajipur,25.692562,85.208369,vynex
jamalpur,25.312717,86.4906091,vynex
jehanabad,25.2139287,84.9895549,vynex
katihar,25.542424,87.567953,vynex
kishanganj,26.0917422,87.9383822,vynex
lakhisarai,25.1673614,86.0988253,vynex
motihari,26.6469624,84.9088938,vynex
munger,25.376505,86.476588,vynex
muzaffarpur,26.1208876,85.3647201,vynex
nawada,24.877299,85.538434,vynex
patna,25.5940947,85.1375645,vynex
purnia,25.7771391,87.4752551,vynex
saharsa,25.8834961,86.6006249,vynex
sasaram,24.949036,84.0314295,vynex
sitamarhi,26.5952476,85.4808393,vynex
siwan,26.2196205,84.3566593,vynex
chandigarh,30.7399738,76.7567368,vynex
ambikapur,23.1354921,83.1817856,vynex
bilaspur,22.0796251,82.1391412,vynex
chirmiri,23.1879502,82.354162,vynex
dhamtari,20.7014999,81.5541579,vynex
durg,21.1904494,81.2849169,vynex
jagdalpur,19.0740973,82.008014,vynex
korba,22.3594501,82.7500595,vynex
mahasamund,21.1091317,82.0979023,vynex
naya raipur,21.1649932,81.7753055,vynex
pakhanjore,20.0399913,80.6271415,vynex
raigarh,21.8974003,83.3949632,vynex
raipur,21.2513844,81.6296413,vynex
rajnandgaon,21.0971034,81.0302222,vynex
daman,20.3973736,72.8327991,vynex
silvassa,20.2762659,73.0083061,vynex
delhi,28.6139391,77.2090212,vynex
margao,15.2832187,73.986191,vynex
mormugao,15.3874352,73.8154394,vynex
panaji,15.4909301,73.8278496,vynex
vasco,15.3860329,73.8440398,vynex
ahmedabad,23.022505,72.5713621,vynex
amreli,21.6031774,71.2220832,vynex
anand,22.5645175,72.928871,vynex
ankleshwar,21.6264236,73.0151984,vynex
bharuch,21.701963,72.99996,vynex
bhavnagar,21.768064,72.147388,vynex
bhuj,23.2419997,69.6669324,vynex
botad,22.1704232,71.6684269,vynex
dahod,22.8379314,74.2531465,vynex
deesa,24.2585031,72.1906721,vynex
gandhidham,23.075297,70.133673,vynex
gandhinagar,23.2156354,72.6369415,vynex
godhra,22.7788044,73.6142795,vynex
gondal,21.9619463,70.792297,vynex
jamnagar,22.4707019,70.05773,vynex
jetpur,21.761778,70.621101,vynex
junagadh,21.522184,70.4578768,vynex
kalol,23.2463895,72.5086513,vynex
khambhat,22.316748,72.624144,vynex
mahuva,21.0902193,71.7563169,vynex
mehsana,23.5879607,72.3693252,vynex
morbi,22.8119895,70.8236195,vynex
nadiad,22.6915853,72.8633635,vynex
navsari,20.9467019,72.9520348,vynex
palanpur,24.174051,72.4330989,vynex
patan,23.8493246,72.1266255,vynex
porbandar,21.6417069,69.6292654,vynex
rajkot,22.3038945,70.8021599,vynex
surat,21.1702401,72.8310607,vynex
surendranagar,22.7201319,71.649536,vynex
vadodara,22.3071588,73.1812187,vynex
valsad,20.5992349,72.9342451,vynex
vapi,20.3893155,72.9106202,vynex
veraval,20.91424,70.3611,vynex
ambala,30.3781788,76.7766974,vynex
bahadurgarh,28.6924464,76.9239727,vynex
bhiwani,28.7990445,76.1335112,vynex
faridabad,28.4089123,77.3177894,vynex
gurgaon,28.4594965,77.0266383,vynex
hisar,29.1491875,75.7216527,vynex
jind,29.3211153,76.3058328,vynex
kaithal,29.7856734,76.3984537,vynex
karnal,29.6856929,76.9904825,vynex
palwal,28.1487362,77.3320262,vynex
panchkula,30.6942091,76.860565,vynex
panipat,29.3909464,76.9635023,vynex
rewari,28.1927631,76.6239423,vynex
rohtak,28.8955152,76.606611,vynex
sirsa,29.5335931,75.0177029,vynex
sonipat,28.9287735,77.091281,vynex
thanesar,29.9696148,76.8197522,vynex
yamunanagar,30.1290485,77.2673901,vynex
shimla,31.1048145,77.1734033,vynex
anantnag,33.704949,75.247874,vynex
jammu,32.726601,74.857031,vynex
srinagar,34.081413,74.807591,vynex
bokaro steel city,23.6692956,86.151112,vynex
chirkunda,23.747887,86.7868768,vynex
deoghar,24.4763201,86.6913222,vynex
dhanbad,23.7956531,86.4303859,vynex
giridih,24.1821391,86.2869507,vynex
hazaribagh,23.9966213,85.3691068,vynex
jamshedpur,22.8045665,86.2028754,vynex
jhumri telaiya,24.4289365,85.5354724,vynex
medininagar,24.0420432,84.0907246,vynex
phusro,23.7622641,86.0020693,vynex
ramgarh,23.6332243,85.5148735,vynex
ranchi,23.349649,85.334521,vynex
sahibganj,25.2381216,87.6453592,vynex
bagalkot,16.1725355,75.6557206,vynex
belgaum,15.8496953,74.4976741,vynex
bellary,15.1393932,76.9214428,vynex
bengaluru,12.9715987,77.5945627,vynex
bhadravati,13.8329901,75.7080727,vynex
bidar,17.9148799,77.5046101,vynex
bijapur,16.8301708,75.710031,vynex
chikkamagallooru,13.315258,75.7754018,vynex
chikmagalur,13.315258,75.7754018,vynex
chitradurga,14.2305594,76.3984537,vynex
davangere,14.4663438,75.9238397,vynex
gadag,15.4324651,75.6380337,vynex
gangawati,15.431874,76.5314817,vynex
gulbarga,17.329731,76.8342957,vynex
harihar,14.5304566,75.8010962,vynex
hassan,13.0068142,76.0995519,vynex
hospet,15.2688542,76.3909241,vynex
hubli,15.3647083,75.1239547,vynex
kolar,13.1357446,78.1325611,vynex
mandya,12.5221567,76.9009191,vynex
mangalore,12.9141417,74.8559568,vynex
mysore,12.2958104,76.6393805,vynex
raichur,16.2120031,77.3439283,vynex
ramanagara,12.7094487,77.2807423,vynex
ranebennuru,14.6113428,75.6382657,vynex
robertsonpet,12.9551189,78.2698622,vynex
shimoga,13.9299299,75.568101,vynex
tumkur,13.345018,77.101945,vynex
udupi,13.3371151,74.746596,vynex
alappuzha,9.4980667,76.3388484,vynex
calicut,11.2587531,75.78041,vynex
kannur,11.8744775,75.3703662,vynex
kasaragod,12.5102239,74.9851678,vynex
kochi,9.9312328,76.2673041,vynex
kollam,8.8932118,76.6141396,vynex
kothamangalam,10.0601903,76.6350827,vynex
kottayam,9.5915668,76.5221531,vynex
malappuram,11.0731819,76.0739999,vynex
manjeri,11.1202984,76.1199677,vynex
palakkad,10.7867303,76.6547932,vynex
ponnani,10.7677201,75.9259013,vynex
thalassery,11.7532878,75.4928777,vynex
thiruvananthapuram,8.5241391,76.9366376,vynex
thrissur,10.5276416,76.2144349,vynex
kavaratti,10.5593204,72.6358134,vynex
balaghat,21.812876,80.1838293,vynex
betul,21.9108031,77.9011842,vynex
bhind,26.5587354,78.7872876,vynex
bhopal,23.2599333,77.412615,vynex
burhanpur,21.3193875,76.2224273,vynex
chhatarpur,24.9163562,79.5811827,vynex
chhindwara,22.057437,78.9381729,vynex
damoh,23.8380986,79.4421731,vynex
datia,25.6653262,78.4609393,vynex
dewas,22.9622672,76.0507949,vynex
dhanpuri,23.2307927,81.4690932,vynex
dhar,22.6012922,75.3024655,vynex
guna,24.6348197,77.2979782,vynex
gwalior,26.2182871,78.1828308,vynex
hoshangabad,22.744108,77.736967,vynex
indore,22.7195687,75.8577258,vynex
itarsi,22.6054858,77.753544,vynex
jabalpur,23.181467,79.9864071,vynex
katni,23.8308453,80.4072255,vynex
khandwa,21.8257334,76.352571,vynex
khargone,21.8335244,75.6149893,vynex
mandsaur,24.076836,75.0692952,vynex
morena,26.4933562,77.9909949,vynex
nagda,23.4454599,75.4169918,vynex
neemuch,24.4763852,74.8624092,vynex
pithampur,22.613252,75.6822899,vynex
ratlam,23.3341696,75.0376325,vynex
rewa,24.5372927,81.30418,vynex
sagar,23.838805,78.7378068,vynex
satna,24.6005075,80.8322428,vynex
sehore,23.205012,77.0850781,vynex
seoni,22.0868691,79.5434841,vynex
shivpuri,25.4357869,77.665066,vynex
singrauli,24.200261,82.663989,vynex
ujjain,23.1793013,75.7849097,vynex
vidisha,23.5251102,77.8081363,vynex
achalpur,21.257584,77.5086754,vynex
ahmednagar,19.0952075,74.7495916,vynex
akola,20.7059345,77.0219019,vynex
akot,21.0973361,77.053568,vynex
amalner,21.0419208,75.0581943,vynex
amravati,20.9374238,77.7795513,vynex
barshi,18.2333856,75.6941478,vynex
beed,18.9890893,75.7600785,vynex
bhandara,21.1750113,79.6558242,vynex
bhiwandi,19.2812547,73.0482912,vynex
bhusawal,21.0455204,75.8010962,vynex
chalisgaon,20.4640778,74.9968543,vynex
chandrapur,19.9704597,79.3014845,vynex
dhule,20.9042201,74.7748979,vynex
gondia,21.4624491,80.2209773,vynex
hinganghat,20.5505728,78.8411405,vynex
ichalkaranji,16.7090008,74.4560807,vynex
jalgaon,21.0076578,75.5626039,vynex
jalna,19.842614,75.894805,vynex
kamptee,21.2275312,79.1900834,vynex
khamgaon,20.707117,76.571995,vynex
kolhapur,16.7049873,74.2432527,vynex
latur,18.4087934,76.5603828,vynex
malegaon,20.554554,74.525989,vynex
mumbai,19.0759837,72.8776559,vynex
nagpur,21.1458004,79.0881546,vynex
nanded,19.1382514,77.3209555,vynex
nandurbar,21.3755507,74.2427644,vynex
nashik,19.9974533,73.7898023,vynex
osmanabad,18.1860659,76.0419409,vynex
pandharpur,17.6745535,75.3237262,vynex
parbhani,19.2609958,76.776665,vynex
parli,18.8453169,76.5198462,vynex
pimpri chinchwad,18.62354,73.807873,vynex
pune,18.5204303,73.8567437,vynex
sangli miraj kupwad,16.8541887,74.6049061,vynex
satara,17.6804639,74.018261,vynex
solapur,17.6599188,75.9063906,vynex
udgir,18.3942882,77.1126009,vynex
wardha,20.745319,78.6021946,vynex
yavatmal,20.3887937,78.1204073,vynex
imphal,24.8170111,93.9368439,vynex
shillong,25.578765,91.893187,vynex
aizawl,23.727107,92.7176389,vynex
dimapur,25.8629885,93.7536663,vynex
kohima,25.6585963,94.1053307,vynex
balangir,20.7074234,83.4842725,vynex
balasore,21.504467,86.922227,vynex
baripada,21.9322338,86.7516942,vynex
berhampur,19.314914,84.794244,vynex
bhadrak,21.0582737,86.4958396,vynex
bhubaneswar,20.295515,85.824797,vynex
cuttack,20.462521,85.8829895,vynex
jeypore,18.8606126,82.5510469,vynex
jharsuguda,21.8554375,84.0061661,vynex
puri,19.8133822,85.8314655,vynex
rourkela,22.260423,84.8535844,vynex
sambalpur,21.4668716,83.9811665,vynex
karaikal,10.9254398,79.8380056,vynex
ozhukarai,11.94888,79.712141,vynex
puducherry,11.9138598,79.8144722,vynex
abohar,30.1452928,74.1993043,vynex
amritsar,31.6339793,74.8722642,vynex
barnala,30.3819446,75.5467979,vynex
batala,31.8183238,75.2070644,vynex
bathinda,30.210994,74.9454745,vynex
firozpur,30.9331348,74.6224755,vynex
hoshiarpur,31.5143178,75.911483,vynex
jalandhar,31.3260152,75.5761829,vynex
kapurthala,31.367197,75.374504,vynex
khanna,30.697852,76.2112286,vynex
ludhiana,30.900965,75.8572758,vynex
malerkotla,30.5232076,75.8882508,vynex
moga,30.8164603,75.1717093,vynex
mohali,30.7046486,76.7178726,vynex
muktasar,30.476681,74.511289,vynex
pathankot,32.2643375,75.6421121,vynex
patiala,30.3397809,76.3868797,vynex
phagwara,31.2240198,75.7708013,vynex
rajpura,30.483997,76.5939516,vynex
zirakpur,30.6425496,76.8173359,vynex
ajmer,26.4498954,74.6399163,vynex
alwar,27.5529907,76.6345735,vynex
banswara,23.5461394,74.4349761,vynex
baran,25.1011438,76.5131637,vynex
barmer,25.7531537,71.4180622,vynex
beawar,26.1007337,74.3190747,vynex
bharatpur,27.216981,77.489515,vynex
bhilwara,25.321377,74.586953,vynex
bhiwadi,28.2088218,76.8445999,vynex
bikaner,28.0229348,73.3119159,vynex
bundi,25.4305144,75.6499025,vynex
chittorgarh,24.8887435,74.6269216,vynex
churu,28.2920484,74.9617924,vynex
dausa,26.8931931,76.3375284,vynex
dholpur,26.7025181,77.893391,vynex
fatehpur,25.9200736,80.8099941,vynex
gangapur,26.478446,76.732222,vynex
hanumangarh,29.614436,74.2858121,vynex
hindaun,26.7454967,77.0330481,vynex
jaipur,26.9124336,75.7872709,vynex
jhunjhunu,28.1288747,75.3995089,vynex
jodhpur,26.2389469,73.0243094,vynex
karauli,26.488323,77.0161436,vynex
kishangarh,26.5870344,74.856397,vynex
kota,25.2138156,75.8647527,vynex
makrana,27.0285581,74.714621,vynex
nagaur,27.1991222,73.740924,vynex
pali,25.7710893,73.3234478,vynex
sardarshahar,28.440419,74.493705,vynex
sawai madhopur,26.0377772,76.3521514,vynex
sikar,27.6094,75.139911,vynex
sri ganganagar,29.912527,73.875212,vynex
sujangarh,27.7044756,74.4642861,vynex
tonk,26.1620402,75.7894716,vynex
udaipur,24.595745,73.694395,vynex
gangtok,27.3389356,88.6065035,vynex
ambur,12.7903613,78.7166084,vynex
chennai,13.0826802,80.2707184,vynex
coimbatore,11.0168445,76.9558321,vynex
cuddalore,11.744699,79.7680243,vynex
dindigul,10.3673123,77.9802906,vynex
erode,11.3410364,77.7171642,vynex
gudiyatham,12.9447361,78.8709019,vynex
hosur,12.7409127,77.8252923,vynex
kadayanallur,9.0778543,77.3451861,vynex
kanchipuram,12.8341735,79.7036402,vynex
karaikudi,10.0731315,78.7801544,vynex
komarapalayam,11.4466642,77.6943353,vynex
kovilpatti,9.1674144,77.8767442,vynex
kumbakonam,10.9616945,79.3881132,vynex
madurai,9.9252007,78.1197754,vynex
nagapattinam,10.7656082,79.8423888,vynex
nagercoil,8.1832857,77.4118996,vynex
neyveli,11.5432364,79.4760133,vynex
ooty,11.4064138,76.6932438,vynex
paramakudi,9.5483949,78.5916335,vynex
pollachi,10.6572737,77.0106693,vynex
pudukkottai,10.379663,78.8208454,vynex
rajapalayam,9.451559,77.554355,vynex
salem,11.664325,78.1460142,vynex
thanjavur,10.7869994,79.1378274,vynex
theni allinagaram,10.010262,77.476819,vynex
tiruchengode,11.378665,77.894975,vynex
tiruchirappalli,10.7904833,78.7046725,vynex
tirunelveli,8.7139126,77.7566523,vynex
tirupur,11.1085242,77.3410656,vynex
tiruvannamalai,12.2252841,79.0746957,vynex
tuticorin,8.7641661,78.1348361,vynex
vaniyambadi,12.6950325,78.6218853,vynex
vellore,12.9165167,79.1324986,vynex
viluppuram,11.9368897,79.4872619,vynex
adilabad,19.676527,78.532194,vynex
hyderabad,17.384934,78.486616,vynex
jagtial,18.788321,78.913899,vynex
karimnagar,18.438485,79.128931,vynex
khammam,17.247318,80.151443,vynex
kothagudem,17.6335295,81.0395821,vynex
mahbubnagar,16.748788,78.003626,vynex
mancherial,18.868797,79.446944,vynex
miryalaguda,16.862087,79.554051,vynex
nalgonda,17.057358,79.268649,vynex
nizamabad,18.673421,78.092593,vynex
ramagundam,18.762412,79.473362,vynex
siddipet,18.101864,78.851948,vynex
suryapet,17.143132,79.630418,vynex
warangal,17.975762,79.601212,vynex
agartala,23.831457,91.2867777,vynex
agra,27.1766701,78.0080745,vynex
akbarpur,26.4407468,82.5537514,vynex
aligarh,27.8973944,78.0880129,vynex
allahabad,25.4358011,81.846311,vynex
amroha,28.9043537,78.4673426,vynex
auraiya,26.4625957,79.5097549,vynex
azamgarh,26.0737044,83.1859458,vynex
bahraich,27.5708377,81.5980246,vynex
ballia,25.7584381,84.1487319,vynex
banda,25.4796224,80.3380213,vynex
barabanki,26.9400001,81.19,vynex
baraut,29.099112,77.256551,vynex
bareilly,28.3670355,79.4304381,vynex
basti,26.8176796,82.7633133,vynex
bhadohi,25.38727,82.5680309,vynex
bijnor,29.3724422,78.1358472,vynex
budaun,28.0337088,79.1205419,vynex
bulandshahr,28.406963,77.8498292,vynex
chandausi,28.4480507,78.7796105,vynex
dadri,28.5461902,77.55621,vynex
deoband,29.6910213,77.6822442,vynex
deoria,26.505358,83.784454,vynex
etah,27.5587505,78.662567,vynex
etawah,26.784784,79.021451,vynex
faizabad,26.7732476,82.1441643,vynex
farrukhabad,27.3826126,79.5940544,vynex
firozabad,27.1591006,78.3957574,vynex
ghaziabad,28.6691565,77.4537578,vynex
ghazipur,25.5840419,83.5770202,vynex
gonda,27.1339913,81.9618968,vynex
gorakhpur,26.7605545,83.3731675,vynex
greater noida,28.4743879,77.5039904,vynex
hapur,28.7305798,77.7758825,vynex
hardoi,27.3986345,80.1316927,vynex
hathras,27.6056212,78.0537813,vynex
jaunpur,25.7490034,82.6987002,vynex
jhansi,25.4484257,78.5684594,vynex
kanpur,26.447965,80.330572,vynex
kasganj,27.8129344,78.649785,vynex
khair,27.9391956,77.8424456,vynex
khatauli,29.2758596,77.7309012,vynex
khurja,28.2513538,77.8538797,vynex
lakhimpur,27.9490794,80.7824012,vynex
lalitpur,24.6878597,78.4120206,vynex
lucknow,26.8466937,80.946166,vynex
mahoba,25.2920964,79.8724168,vynex
mainpuri,27.2284986,79.0249516,vynex
mathura,27.4924134,77.673673,vynex
mau,25.9496379,83.5586445,vynex
meerut,28.9844618,77.7064137,vynex
mirzapur,25.1336987,82.5644344,vynex
modinagar,28.8316307,77.5779592,vynex
moradabad,28.8386481,78.7733286,vynex
mubarakpur,26.0809431,83.2987576,vynex
mughalsarai,25.2814947,83.1198203,vynex
muradnagar,28.7703752,77.4988753,vynex
muzaffarnagar,29.4726817,77.7085091,vynex
nagina,29.4426409,78.4326638,vynex
najibabad,29.6127789,78.3446003,vynex
noida,28.600032,77.351504,vynex
orai,26.00864,79.4478858,vynex
pilibhit,28.6207939,79.8128649,vynex
pratapgarh,25.8973038,81.9452981,vynex
raebareli,26.2345298,81.2408689,vynex
rampur,28.7893041,79.0249516,vynex
saharanpur,29.967079,77.5510172,vynex
sahaswan,28.0724712,78.7561222,vynex
sambhal,28.5903614,78.5717631,vynex
shahjahanpur,27.883744,79.9122455,vynex
shamli,29.4507575,77.3152116,vynex
shikohabad,27.110254,78.573784,vynex
sitapur,27.561892,80.688511,vynex
sultanpur,26.2647757,82.0727061,vynex
tanda,26.5432647,82.6645469,vynex
ujhani,28.0003235,79.0051685,vynex
unnao,26.5393449,80.4878195,vynex
varanasi,25.3176452,82.9739144,vynex
dehradun,30.3164945,78.0321918,vynex
haldwani,29.2182644,79.5129767,vynex
haridwar,29.9456906,78.1642478,vynex
kashipur,29.2104232,78.9618845,vynex
rishikesh,30.0869281,78.2676116,vynex
roorkee,29.8542626,77.8880002,vynex
rudrapur,28.9875082,79.4141214,vynex
alipurduar,26.4918891,89.5271026,vynex
asansol,23.6739452,86.9523954,vynex
baharampur,24.164895,88.274906,vynex
balurghat,25.2372834,88.7830612,vynex
bangaon,23.0440381,88.827703,vynex
bankura,23.2324146,87.0786044,vynex
bardhaman,23.2324214,87.8614793,vynex
basirhat,22.6574017,88.8671766,vynex
bolpur,23.6686892,87.6827676,vynex
chakdaha,23.047858,88.5130144,vynex
cooch behar,26.3356861,89.445851,vynex
dankuni,22.6808348,88.2929313,vynex
darjeeling,27.0360066,88.2626751,vynex
dhulian,24.6706654,87.9481846,vynex
durgapur,23.5204443,87.3119227,vynex
habra,22.8488542,88.6639591,vynex
haldia,22.0666742,88.0698118,vynex
jalpaiguri,26.5434772,88.7205256,vynex
jangipur,24.4589833,88.1047287,vynex
kanthi,21.7811343,87.7450379,vynex
kharagpur,22.34601,87.2319753,vynex
kolkata,22.572646,88.363895,vynex
krishnanagar,23.4008744,88.5013962,vynex
malda,25.0108408,88.1410967,vynex
midnapore,22.4308892,87.3214908,vynex
nabadwip,23.4036446,88.3676393,vynex
purulia,23.3320779,86.365208,vynex
raiganj,25.6185295,88.1255837,vynex
ranaghat,23.17405,88.5639352,vynex
shantipur,23.2645399,88.4380966,vynex
siliguri,26.7083818,88.4268741,vynex
adityapur,22.79321,86.14098,restaurants+geonames
bagdogra,26.69929,88.31177,restaurants+geonames
ballari,15.14205,76.92398,restaurants+geonames
bangalore,12.97194,77.59369,restaurants+geonames
berhampore,24.10473,88.25155,restaurants+geonames
bhilai,21.20919,81.4285,restaurants+geonames
bokaro,23.66934,86.15161,restaurants+geonames
changanassery,9.44203,76.53604,restaurants+geonames
chengannur,9.31575,76.61513,restaurants+geonames
cherthala,9.68444,76.33558,restaurants+geonames
davanagere,14.46693,75.92694,restaurants+geonames
dharmapuri,12.1277,78.15794,restaurants+geonames
duliajan,27.36035,95.31806,restaurants+geonames
dumka,24.26778,87.24855,restaurants+geonames
irinjalakuda,10.34238,76.21124,restaurants+geonames
kalaburagi,17.33583,76.83757,restaurants+geonames
kanchrapara,22.95998,88.42849,restaurants+geonames
karaikkudi,10.06615,78.76784,restaurants+geonames
kendujhar,21.6318,85.59686,restaurants+geonames
kozhikode,11.24802,75.7804,restaurants+geonames
krishnagiri,12.51921,78.21382,restaurants+geonames
kurukshetra,29.9657,76.837,restaurants+geonames
mangaluru,12.91723,74.85603,restaurants+geonames
manipal,13.35,74.78333,restaurants+geonames
mansa,29.98844,75.40167,restaurants+geonames
medinipur,22.42114,87.32257,restaurants+geonames
muktsar,30.47426,74.5166,restaurants+geonames
namakkal,11.22126,78.16524,restaurants+geonames
nangal,31.38966,76.37574,restaurants+geonames
noida 1,28.58,77.33,restaurants+geonames
palani,10.45034,77.5209,restaurants+geonames
perinthalmanna,10.97724,76.22541,restaurants+geonames
purnea,25.77895,87.47422,restaurants+geonames
pusad,19.91274,77.57838,restaurants+geonames
rae bareli,26.2309,81.23315,restaurants+geonames
rajahmundry,17.00517,81.77784,restaurants+geonames
ropar,30.96896,76.52695,restaurants+geonames
samastipur,25.86222,85.77953,restaurants+geonames
shivamogga,13.93157,75.56791,restaurants+geonames
sivakasi,9.44999,77.79797,restaurants+geonames
tenkasi,8.96003,77.31525,restaurants+geonames
theni,10.01115,77.47772,restaurants+geonames
thiruvallur,13.14376,79.90889,restaurants+geonames
thoothukudi,8.76735,78.13425,restaurants+geonames
trichy,10.8155,78.69651,restaurants+geonames
tumakuru,13.34136,77.1022,restaurants+geonames
vizag,17.73308,83.31622,restaurants+geonames
