state,district,population,violent_rate,property_rate,women_rate,source
Andaman and Nicobar Islands,Nicobar,36842.0,8.142880408229738,8.142880408229738,5.428586938819826,NCRB Crime in India 2014 (district-wise IPC) / Census 2011
Andaman and Nicobar Islands,North & Middle Andaman,105597.0,20.83392520620851,17.04593880507969,24.621911607337328,NCRB Crime in India 2014 (district-wise IPC) / Census 2011
Andaman and Nicobar Islands,South Andaman,238142.0,20.9958764098731,37.79257753777158,20.9958764098731,NCRB Crime in India 2014 (district-wise IPC) / Census 2011
Telangana,Adilabad,2741239.0,10.06843985511661,29.329803056209258,13.935304437154148,NCRB Crime in India 2014 (district-wise IPC) / Census 2011
Andhra Pradesh,Anantapur,4081148.0,12.27595764721103,29.3544855516144,12.226951828260088,NCRB Crime in India 2014 (district-wise IPC) / Census 2011
Andhra Pradesh,Chittoor,4174064.0,8.576773140038103,17.848312819353033,6.252898853491466,NCRB Crime in India 2014 (district-wise IPC) / Census 2011
Andhra Pradesh,East Godavari,5154296.0,6.324821081288308,24.697844283681032,13.270483495709211,NCRB Crime in India 2014 (district-wise IPC) / Census 2011
Andhra Pradesh,Guntur,4887813.0,13.502971574403523,44.8871509609717,27.10823838800707,NCRB Crime in India 2014 (district-wise IPC) / Census 2011
Telangana,Hyderabad City,3943323.0,21.504705549101608,128.77464006879475,15.418468129544548,NCRB Crime in India 2014 (district-wise IPC) / Census 2011
Telangana,Karimnagar,3776269.0,12.128373270018635,30.400376668081645,13.478912651614596,NCRB Crime in India 2014 (district-wise IPC) / Census 2011
Telangana,Khammam,2797370.0,12.583247836360583,42.647200763574354,21.019743544829605,NCRB Crime in India 2014 (district-wise IPC) / Census 2011
Andhra Pradesh,Krishna,4517398.0,5.179973072994675,18.55050185969888,15.185733025958747,NCRB Crime in India 2014 (district-wise IPC) / Census 2011
Andhra Pradesh,Kurnool,4053463.0,9.103327204417557,20.59966996121588,17.022481764358034,NCRB Crime in India 2014 (district-wise IPC) / Census 2011
Telangana,Medak,3033288.0,11.802374189328544,39.26432307120194,10.483673162587925,NCRB Crime in India 2014 (district-wise IPC) / Census 2011
Telangana,Nalgonda,3488809.0,14.876136813451238,32.53259206795213,21.955916761278708,NCRB Crime in India 2014 (district-wise IPC) / Census 2011
Andhra Pradesh,Nellore,2963557.0,15.454401585662096,50.04121736143425,19.4023600693356,NCRB Crime in India 2014 (district-wise IPC) / Census 2011
Telangana,Nizamabad,2551335.0,11.797745102074012,45.03524625343203,13.63991792532145,NCRB Crime in India 2014 (district-wise IPC) / Census 2011
Andhra Pradesh,Prakasham,3397448.0,7.976575358916457,26.107831525309585,7.976575358916457,NCRB Crime in India 2014 (district-wise IPC) / Census 2011
Telangana,Ranga Reddy,5296741.0,4.134617871630876,5.682739631784903,2.888568650043489,NCRB Crime in India 2014 (district-wise IPC) / Census 2011
Andhra Pradesh,Srikakulam,2703114.0,5.179211827544084,14.649770597910411,12.911035198663468,NCRB Crime in India 2014 (district-wise IPC) / Census 2011
Andhra Pradesh,Visakha Rural,4290589.0,3.845625856962762,6.339455958144674,5.220728436119144,NCRB Crime in India 2014 (district-wise IPC) / Census 2011
Andhra Pradesh,Visakhapatnam,4290589.0,8.367149591815949,41.859054782455274,8.017547241182971,NCRB Crime in India 2014 (district-wise IPC) / Census 2011
Andhra Pradesh,Vizianagaram,2344474.0,6.227409644977935,24.22718272840731,25.59209443141617,NCRB Crime in India 2014 (district-wise IPC) / Census 2011
Telangana,Warangal,3512576.0,8.199110851978718,27.501184316011955,12.896518110924859,NCRB Crime in India 2014 (district-wise IPC) / Census 2011
Andhra Pradesh,West Godavari,3936966.0,10.769714546683918,40.53883117100833,17.703988299619553,NCRB Crime in India 2014 (district-wise IPC) / Census 2011
Arunachal Pradesh,Anjaw,21167.0,4.724335049841734,37.794680398733874,4.724335049841734,NCRB Crime in India 2014 (district-wise IPC) / Census 2011
Arunachal Pradesh,Changlang,148226.0,23.61259158312307,49.249119587656686,4.047872842821097,NCRB Crime in India 2014 (district-wise IPC) / Census 2011
Arunachal Pradesh,Dibang Valley,8004.0,12.49375312343828,0.0,12.49375312343828,NCRB Crime in India 2014 (district-wise IPC) / Census 2011
Arunachal Pradesh,Lohit,145726.0,37.74206387329646,54.21132810891673,13.724386863016896,NCRB Crime in India 2014 (district-wise IPC) / Census 2011
Arunachal Pradesh,Lower Dibang Valley,54080.0,29.585798816568047,59.171597633136095,5.547337278106508,NCRB Crime in India 2014 (district-wise IPC) / Census 2011
Arunachal Pradesh,Papum Pare City,176573.0,76.45563024924535,130.25774042464022,36.24563211816076,NCRB Crime in India 2014 (district-wise IPC) / Census 2011
Arunachal Pradesh,Tawang,49977.0,8.003681693579047,32.01472677431619,2.0009204233947617,NCRB Crime in India 2014 (district-wise IPC) / Census 2011
Arunachal Pradesh,Tirap,111975.0,25.005581603036394,21.43335565974548,4.465282429113641,NCRB Crime in India 2014 (district-wise IPC) / Census 2011
Assam,Barpeta,1693622.0,38.37928416140083,47.82649257036104,41.272491736644895,NCRB Crime in India 2014 (district-wise IPC) / Census 2011
Assam,Bongaigaon,738804.0,18.54348379272446,38.711214341016024,5.278801955593093,NCRB Crime in India 2014 (district-wise IPC) / Census 2011
Assam,Cachar,1736617.0,24.645618463944555,60.69271462849897,7.543401913029759,NCRB Crime in India 2014 (district-wise IPC) / Census 2011
Assam,Chirang,482162.0,31.524674279598973,29.03588420489379,13.895744583770599,NCRB Crime in India 2014 (district-wise IPC) / Census 2011
Assam,Darrang,928500.0,40.603123317178245,59.666128163704904,63.22024771136241,NCRB Crime in India 2014 (district-wise IPC) / Census 2011
Assam,Dhemaji,686133.0,24.776537493459724,21.42441771493282,15.886132863453586,NCRB Crime in India 2014 (district-wise IPC) / Census 2011
Assam,Dhubri,1949258.0,44.016748937287936,37.60405241379027,19.802406864560773,NCRB Crime in India 2014 (district-wise IPC) / Census 2011
Assam,Dibrugarh,1326335.0,27.368651208028137,76.82825228920295,12.9680661371373,NCRB Crime in India 2014 (district-wise IPC) / Census 2011
Assam,Goalpara,1008183.0,47.213650696351756,52.768197837099024,22.714130271984352,NCRB Crime in India 2014 (district-wise IPC) / Census 2011
Assam,Golaghat,1066888.0,48.73988647355674,46.209161598968215,17.340151918476916,NCRB Crime in India 2014 (district-wise IPC) / Census 2011
Assam,Hailakandi,659296.0,32.15551133330098,41.559481628888996,15.16769402514197,NCRB Crime in India 2014 (district-wise IPC) / Census 2011
Assam,Jorhat,1092256.0,22.61374622799051,67.65813142706472,17.669850291506755,NCRB Crime in India 2014 (district-wise IPC) / Census 2011
Assam,Kamrup,1517542.0,33.67287363381046,70.11338071697521,7.578043968470066,NCRB Crime in India 2014 (district-wise IPC) / Census 2011
Assam,Karbi Anglong,956313.0,18.508584532470017,20.181676919585954,5.751255080711022,NCRB Crime in India 2014 (district-wise IPC) / Census 2011
Assam,Karimganj,1228686.0,23.6838378560511,34.75257307399938,6.917959511217675,NCRB Crime in India 2014 (district-wise IPC) / Census 2011
Assam,Kokrajhar,887142.0,27.50405233885894,31.787470326058283,10.370380390061568,NCRB Crime in India 2014 (district-wise IPC) / Census 2011
Assam,Lakhimpur,1042137.0,25.42851851531996,36.4635359842324,11.706714184411455,NCRB Crime in India 2014 (district-wise IPC) / Census 2011
Assam,Morigaon,957423.0,39.68987584380154,35.40754713433874,44.18109863665276,NCRB Crime in India 2014 (district-wise IPC) / Census 2011
Assam,Nagaon,2823768.0,36.4406707633205,46.639808936144895,21.77940963988543,NCRB Crime in India 2014 (district-wise IPC) / Census 2011
Assam,Nalbari,771639.0,43.28448924950657,62.723631128027485,5.313365446795716,NCRB Crime in India 2014 (district-wise IPC) / Census 2011
Assam,Sonitpur,1924110.0,28.896476812656243,45.47557052351477,6.860314638975942,NCRB Crime in India 2014 (district-wise IPC) / Census 2011
Assam,Tinsukia,1327929.0,29.670260985338825,62.503341669622394,10.166206175179546,NCRB Crime in India 2014 (district-wise IPC) / Census 2011
Assam,Udalguri,831668.0,24.52901879115224,25.611181384879544,8.41682017343459,NCRB Crime in India 2014 (district-wise IPC) / Census 2011
Bihar,Araria,2811569.0,13.977960348830138,13.764556374038836,1.2804238487477988,NCRB Crime in India 2014 (district-wise IPC) / Census 2011
Bihar,Arwal,700843.0,14.125845588812329,19.54788732997262,1.4268530897790233,NCRB Crime in India 2014 (district-wise IPC) / Census 2011
Bihar,Aurangabad,2540073.0,10.708353657552362,19.015201531609524,2.047185258061481,NCRB Crime in India 2014 (district-wise IPC) / Census 2011
Bihar,Banka,2034763.0,16.070667689554018,9.976591868438732,1.228644318773243,NCRB Crime in India 2014 (district-wise IPC) / Census 2011
Bihar,Begusarai,2970541.0,21.713216548770074,27.03211300567809,3.2653984577220108,NCRB Crime in India 2014 (district-wise IPC) / Census 2011
Bihar,Bhagalpur,3037766.0,16.064436826272992,31.075467959019885,3.5881631435732704,NCRB Crime in India 2014 (district-wise IPC) / Census 2011
Bihar,Bhojpur,2728407.0,21.147871267006717,28.11164170154966,1.979176860343783,NCRB Crime in India 2014 (district-wise IPC) / Census 2011
Bihar,Buxar,1706352.0,12.248352039907358,33.404596472474616,1.6995321012311644,NCRB Crime in India 2014 (district-wise IPC) / Census 2011
Bihar,Darbhanga,3937385.0,16.17825028540516,19.45453644995346,2.895322657042682,NCRB Crime in India 2014 (district-wise IPC) / Census 2011
Bihar,Gaya,4391418.0,14.141218166888235,37.61882836022442,1.6851049023345077,NCRB Crime in India 2014 (district-wise IPC) / Census 2011
Bihar,Gopalganj,2562012.0,30.75707685990542,15.261442959673882,0.7806364685255183,NCRB Crime in India 2014 (district-wise IPC) / Census 2011
Bihar,Jamui,1760405.0,21.69955209170617,11.985878249607335,3.2378912806996114,NCRB Crime in India 2014 (district-wise IPC) / Census 2011
Bihar,Jehanabad,1125313.0,16.262142177331995,25.326286997484257,2.043875792779431,NCRB Crime in India 2014 (district-wise IPC) / Census 2011
Bihar,Katihar,3071029.0,12.634201761038401,18.365179879447574,2.6701148051679096,NCRB Crime in India 2014 (district-wise IPC) / Census 2011
Bihar,Khagaria,1666886.0,18.4175762469659,12.898302583380026,1.9797394662862369,NCRB Crime in India 2014 (district-wise IPC) / Census 2011
Bihar,Kishanganj,1690400.0,15.20350212967345,19.226218646474205,5.087553241836252,NCRB Crime in India 2014 (district-wise IPC) / Census 2011
Bihar,Lakhisarai,1000912.0,24.477676359160444,22.17977204789232,7.892801764790511,NCRB Crime in India 2014 (district-wise IPC) / Census 2011
Bihar,Madhepura,2001762.0,14.73701668829761,13.238337025080904,1.8483715846339375,NCRB Crime in India 2014 (district-wise IPC) / Census 2011
Bihar,Madhubani,4487379.0,15.710730027483748,12.635438192316718,1.359368130037601,NCRB Crime in India 2014 (district-wise IPC) / Census 2011
Bihar,Munger,1367765.0,11.844139892452285,20.32512895124528,1.7546873914744125,NCRB Crime in India 2014 (district-wise IPC) / Census 2011
Bihar,Muzaffarpur,4801062.0,19.162426979697408,52.3217571445651,5.644584469019563,NCRB Crime in India 2014 (district-wise IPC) / Census 2011
Bihar,Nalanda,2877653.0,16.054750173144573,21.44108410569308,1.5637743675140816,NCRB Crime in India 2014 (district-wise IPC) / Census 2011
Bihar,Nawadah,2219146.0,13.113152537057047,17.61939052230002,1.5771832948350402,NCRB Crime in India 2014 (district-wise IPC) / Census 2011
Bihar,Patna,5838465.0,24.030288783096243,82.04211209624447,2.9802353872122214,NCRB Crime in India 2014 (district-wise IPC) / Census 2011
Bihar,Rohtas,2959918.0,11.6557283005813,31.825205968543724,0.9121874322194061,NCRB Crime in India 2014 (district-wise IPC) / Census 2011
Bihar,Saharsa,1900661.0,16.62579492081965,19.046005573850362,0.7365858509223896,NCRB Crime in India 2014 (district-wise IPC) / Census 2011
Bihar,Samastipur,4261566.0,16.402421081827665,17.5287675938845,1.8303130820923577,NCRB Crime in India 2014 (district-wise IPC) / Census 2011
Bihar,Saran,3951862.0,21.002757687388883,21.913720671420208,0.9362675113655285,NCRB Crime in India 2014 (district-wise IPC) / Census 2011
Bihar,Sheikhpura,636342.0,15.243375417621342,25.14371202906613,3.6144086041782564,NCRB Crime in India 2014 (district-wise IPC) / Census 2011
Bihar,Sheohar,656246.0,15.695333762034359,18.285825742175952,4.419074554359188,NCRB Crime in India 2014 (district-wise IPC) / Census 2011
Bihar,Sitamarhi,3423574.0,21.614838762065606,23.571857947279657,0.9054864886811268,NCRB Crime in India 2014 (district-wise IPC) / Census 2011
Bihar,Siwan,3330464.0,18.285740365306456,22.008945300114338,0.720620309962816,NCRB Crime in India 2014 (district-wise IPC) / Census 2011
Bihar,Supaul,2229076.0,15.432403381490804,15.52212665696459,2.0187736981601345,NCRB Crime in India 2014 (district-wise IPC) / Census 2011
Bihar,Vaishali,3495021.0,16.93838177224114,38.65498948361112,0.8011396784168107,NCRB Crime in India 2014 (district-wise IPC) / Census 2011
Chandigarh,Chandigarh,1055450.0,35.435122459614384,138.23487611919086,14.590932777488275,NCRB Crime in India 2014 (district-wise IPC) / Census 2011
Chhattisgarh,Bilaspur,2663629.0,17.457386144992412,34.351630801436684,11.638257429994944,NCRB Crime in India 2014 (district-wise IPC) / Census 2011
Chhattisgarh,Dhamtari,799781.0,11.753217443275098,19.380305358591915,11.503148987035202,NCRB Crime in India 2014 (district-wise IPC) / Census 2011
Chhattisgarh,Durg,3343872.0,14.294805542795896,37.05285369774919,10.586529627928343,NCRB Crime in India 2014 (district-wise IPC) / Census 2011
Chhattisgarh,G. R. P. Raipur,4063872.0,0.3937131878169391,7.480550568521843,0.19685659390846955,NCRB Crime in India 2014 (district-wise IPC) / Census 2011
Chhattisgarh,Janjgir,1619707.0,18.83056626908447,28.77063567669955,13.150526607590137,NCRB Crime in India 2014 (district-wise IPC) / Census 2011
Chhattisgarh,Jashpur,851669.0,29.119293998020353,18.08214224070619,15.733812079575516,NCRB Crime in India 2014 (district-wise IPC) / Census 2011
Chhattisgarh,Kanker,748941.0,24.300979649932373,22.565195389222918,10.54822743046515,NCRB Crime in India 2014 (district-wise IPC) / Census 2011
Chhattisgarh,Korba,1206640.0,16.243452893986607,35.056023337532324,13.011337267121926,NCRB Crime in India 2014 (district-wise IPC) / Census 2011
Chhattisgarh,Koriya,658917.0,32.78106347233415,27.014024528127216,20.18463630472427,NCRB Crime in India 2014 (district-wise IPC) / Census 2011
Chhattisgarh,Mahasamund,1032754.0,17.332297914120886,38.24724958702653,14.2337865551719,NCRB Crime in India 2014 (district-wise IPC) / Census 2011
Chhattisgarh,Narayanpur,139820.0,40.05149477900157,12.15848948648262,9.297668430839652,NCRB Crime in India 2014 (district-wise IPC) / Census 2011
Chhattisgarh,Raigarh,1493984.0,23.494227515154112,33.601430805149185,17.53700173495834,NCRB Crime in India 2014 (district-wise IPC) / Census 2011
Chhattisgarh,Raipur,4063872.0,15.502456770291978,53.27431572647957,9.22765283945951,NCRB Crime in India 2014 (district-wise IPC) / Census 2011
Chhattisgarh,Rajnandgaon,1537133.0,16.524269532955184,27.77898854555852,10.408988682176494,NCRB Crime in India 2014 (district-wise IPC) / Census 2011
Dadra and Nagar Haveli and Daman and Diu,Daman,191173.0,14.123333315897119,28.769753050901542,2.0923456764292028,NCRB Crime in India 2014 (district-wise IPC) / Census 2011
Dadra and Nagar Haveli and Daman and Diu,Diu,52074.0,5.761032377001959,3.840688251334639,1.9203441256673195,NCRB Crime in India 2014 (district-wise IPC) / Census 2011
Goa,North Goa,818008.0,26.16111333874485,119.4364847287557,29.461814554380886,NCRB Crime in India 2014 (district-wise IPC) / Census 2011
Goa,South Goa,640537.0,23.573969965825547,82.43083537719133,17.01697169718533,NCRB Crime in India 2014 (district-wise IPC) / Census 2011
Gujarat,Ahmedabad City,7214225.0,15.136761051949446,50.52517768713896,4.394096385959683,NCRB Crime in India 2014 (district-wise IPC) / Census 2011
Gujarat,Amreli,1514190.0,9.708160798842947,12.415879116887577,1.9812573058863157,NCRB Crime in India 2014 (district-wise IPC) / Census 2011
Gujarat,Anand,2092745.0,8.648927604653219,23.844281075811914,1.8635810860855002,NCRB Crime in India 2014 (district-wise IPC) / Census 2011
Gujarat,Banaskantha,3120506.0,11.472498370456586,21.855429856568133,4.742820555384287,NCRB Crime in India 2014 (district-wise IPC) / Census 2011
Gujarat,Bharuch,1551019.0,14.119749661351666,37.20134956438316,5.86711058987672,NCRB Crime in India 2014 (district-wise IPC) / Census 2011
Gujarat,Bhavnagar,2880365.0,8.540584266230148,19.198955687907606,3.194039644281194,NCRB Crime in India 2014 (district-wise IPC) / Census 2011
Gujarat,Dang,228291.0,8.760748343123469,8.760748343123469,6.132523840186429,NCRB Crime in India 2014 (district-wise IPC) / Census 2011
Gujarat,Gandhinagar,1391753.0,13.50814404567477,37.21924795563581,3.161480521328138,NCRB Crime in India 2014 (district-wise IPC) / Census 2011
Gujarat,Jamnagar,2160119.0,8.61063672880985,19.35078576689525,2.8239184970827997,NCRB Crime in India 2014 (district-wise IPC) / Census 2011
Gujarat,Junagadh,2743082.0,5.431846368427921,9.332568257164752,2.296686719536638,NCRB Crime in India 2014 (district-wise IPC) / Census 2011
Gujarat,Kachchh East(G),2092371.0,8.841644239955533,24.13529914150024,3.202108995010923,NCRB Crime in India 2014 (district-wise IPC) / Census 2011
Gujarat,Kachchh West(B),2092371.0,4.731474485165394,17.109776421103142,2.341840906799033,NCRB Crime in India 2014 (district-wise IPC) / Census 2011
Gujarat,Kheda,2299885.0,6.478584798805158,10.174421764566489,1.7826978305437011,NCRB Crime in India 2014 (district-wise IPC) / Census 2011
Gujarat,Narmada,590297.0,6.26803117752589,9.317343642268215,4.9127811931959675,NCRB Crime in India 2014 (district-wise IPC) / Census 2011
Gujarat,Navsari,1329672.0,7.370238675402656,27.97682435969171,2.557021581262146,NCRB Crime in India 2014 (district-wise IPC) / Census 2011
Gujarat,Panchmahal,2390776.0,6.2322860861912615,10.916957506684023,2.2168534400546096,NCRB Crime in India 2014 (district-wise IPC) / Census 2011
Gujarat,Patan,1343734.0,11.088504123583984,27.609631072816498,5.655881297935455,NCRB Crime in India 2014 (district-wise IPC) / Census 2011
Gujarat,Porbandar,585449.0,9.565307994376965,16.56847991883153,4.611844925860323,NCRB Crime in India 2014 (district-wise IPC) / Census 2011
Gujarat,Rajkot City,3804558.0,12.432456017229859,37.87562181993283,3.1541114631449965,NCRB Crime in India 2014 (district-wise IPC) / Census 2011
Gujarat,Sabarkantha,2428589.0,4.241145784651088,11.57050451929083,1.811751597326678,NCRB Crime in India 2014 (district-wise IPC) / Census 2011
Gujarat,Surat City,6081322.0,11.477767498580079,37.19585971602885,3.6011906621619443,NCRB Crime in India 2014 (district-wise IPC) / Census 2011
Gujarat,Surendranagar,1756268.0,9.736555013243994,19.074537599045247,3.3593961741602074,NCRB Crime in India 2014 (district-wise IPC) / Census 2011
Gujarat,Tapi,807022.0,5.947793244793822,18.462941530714154,14.00209659711879,NCRB Crime in India 2014 (district-wise IPC) / Census 2011
Gujarat,Vadodara City,4165626.0,10.178542192698048,50.004489121202916,4.585145185861621,NCRB Crime in India 2014 (district-wise IPC) / Census 2011
Gujarat,Valsad,1705678.0,14.070651084202295,47.89884139913865,3.107268781094673,NCRB Crime in India 2014 (district-wise IPC) / Census 2011
Haryana,Ambala (Rural),1128350.0,32.52536890149333,94.03110736916736,9.394248238578456,NCRB Crime in India 2014 (district-wise IPC) / Census 2011
Haryana,Bhiwani,1634445.0,19.333779968123736,78.06931404849963,9.4221585920603,NCRB Crime in India 2014 (district-wise IPC) / Census 2011
Haryana,Faridabad,1809733.0,35.198562439873726,139.85488467083266,11.935462303002708,NCRB Crime in India 2014 (district-wise IPC) / Census 2011
Haryana,Fatehabad,942011.0,12.844860622646657,56.687236136308385,9.23556094355586,NCRB Crime in India 2014 (district-wise IPC) / Census 2011
Haryana,Gurgaon,1514432.0,50.3158940117483,373.67144909774754,19.74337573426869,NCRB Crime in India 2014 (district-wise IPC) / Census 2011
Haryana,Jhajjar,958405.0,25.04160558427804,64.27345433298032,11.790422629264246,NCRB Crime in India 2014 (district-wise IPC) / Census 2011
Haryana,Jind,1334152.0,16.939599086161095,61.162446257997594,7.195581912705599,NCRB Crime in India 2014 (district-wise IPC) / Census 2011
Haryana,Kaithal,1074304.0,22.805462885738116,49.613517216728226,8.563684022399618,NCRB Crime in India 2014 (district-wise IPC) / Census 2011
Haryana,Karnal,1505324.0,39.52637438850373,90.81101477157077,13.817623315645005,NCRB Crime in India 2014 (district-wise IPC) / Census 2011
Haryana,Kurukshetra,964655.0,17.20822470209557,94.64523586152563,11.40304046524405,NCRB Crime in India 2014 (district-wise IPC) / Census 2011
Haryana,Mahendergarh,922088.0,19.19556484847433,72.66117767501584,12.580144194480354,NCRB Crime in India 2014 (district-wise IPC) / Census 2011
Haryana,Mewat,1089263.0,27.633363108817615,51.22729772332301,15.974103591143738,NCRB Crime in India 2014 (district-wise IPC) / Census 2011
Haryana,Palwal,1042708.0,31.07293700633351,102.137894789337,14.193810731288146,NCRB Crime in India 2014 (district-wise IPC) / Census 2011
Haryana,Panchkula,561293.0,50.95377993311871,118.12012620859336,12.649364948431568,NCRB Crime in India 2014 (district-wise IPC) / Census 2011
Haryana,Panipat,1205437.0,25.7168147319188,138.7048846186072,14.434599236625392,NCRB Crime in India 2014 (district-wise IPC) / Census 2011
Haryana,Rewari,900332.0,30.32214782991163,105.18342122683633,17.438011755663467,NCRB Crime in India 2014 (district-wise IPC) / Census 2011
Haryana,Rohtak,1061204.0,32.13331272780728,129.0044138544521,15.925307480936748,NCRB Crime in India 2014 (district-wise IPC) / Census 2011
Haryana,Sirsa,1295189.0,17.217564386355967,72.88511560861002,11.118068482669324,NCRB Crime in India 2014 (district-wise IPC) / Census 2011
Haryana,Sonipat,1450001.0,26.34480941737282,93.65510782406358,11.724129845427694,NCRB Crime in India 2014 (district-wise IPC) / Census 2011
Haryana,Yamunanagar,1214205.0,44.14411075559728,95.28868683624265,11.200744520076922,NCRB Crime in India 2014 (district-wise IPC) / Census 2011
Himachal Pradesh,Bilaspur,381956.0,19.37395930421305,21.99206191289049,23.039302956361464,NCRB Crime in India 2014 (district-wise IPC) / Census 2011
Himachal Pradesh,Chamba,519080.0,10.980966325036604,25.044309162364183,9.825075132927486,NCRB Crime in India 2014 (district-wise IPC) / Census 2011
Himachal Pradesh,Hamirpur,454768.0,10.334940013369454,16.711817893959118,12.973648101889315,NCRB Crime in India 2014 (district-wise IPC) / Census 2011
Himachal Pradesh,Kangra,1510075.0,7.615515785639786,16.555469099216925,9.271062695561477,NCRB Crime in India 2014 (district-wise IPC) / Census 2011
Himachal Pradesh,Kinnaur,84121.0,21.397748481354242,61.81571783502336,19.02022087231488,NCRB Crime in India 2014 (district-wise IPC) / Census 2011
Himachal Pradesh,Kullu,437903.0,12.103136996092744,23.749551841389533,11.646414845296789,NCRB Crime in India 2014 (district-wise IPC) / Census 2011
Himachal Pradesh,Mandi,999777.0,11.502565072011059,13.302966561543224,16.3036357107635,NCRB Crime in India 2014 (district-wise IPC) / Census 2011
Himachal Pradesh,Shimla,814010.0,14.373287797447205,33.291974300070024,14.00474195648702,NCRB Crime in India 2014 (district-wise IPC) / Census 2011
Himachal Pradesh,Sirmaur,529855.0,10.946390993762444,18.873087920280078,14.34354681941286,NCRB Crime in India 2014 (district-wise IPC) / Census 2011
Himachal Pradesh,Solan,580320.0,8.098979873173421,30.500413564929698,8.271298593879239,NCRB Crime in India 2014 (district-wise IPC) / Census 2011
Himachal Pradesh,Una,521173.0,9.977493078114177,18.419987221133866,10.55311767877461,NCRB Crime in India 2014 (district-wise IPC) / Census 2011
Jammu and Kashmir,Anantnag,1078692.0,10.012125796798344,16.872286064974986,13.164091325420046,NCRB Crime in India 2014 (district-wise IPC) / Census 2011
Jammu and Kashmir,Bandipora,392232.0,13.257459870688777,18.101531746517367,15.806971384282772,NCRB Crime in India 2014 (district-wise IPC) / Census 2011
Jammu and Kashmir,Baramulla,1008039.0,9.920251101395879,14.681971630065899,11.40828876660526,NCRB Crime in India 2014 (district-wise IPC) / Census 2011
Jammu and Kashmir,Crime Jammu,1529958.0,0.0,0.0,0.0,NCRB Crime in India 2014 (district-wise IPC) / Census 2011
Jammu and Kashmir,Crime Srinagar,1236829.0,0.16170384103218796,0.0,0.08085192051609398,NCRB Crime in India 2014 (district-wise IPC) / Census 2011
Jammu and Kashmir,Doda,409936.0,16.100074157917334,20.49100347371297,22.198587096522385,NCRB Crime in India 2014 (district-wise IPC) / Census 2011
Jammu and Kashmir,Ganderbal,297446.0,11.430646234946847,23.53368342489057,18.826946739912454,NCRB Crime in India 2014 (district-wise IPC) / Census 2011
Jammu and Kashmir,Jammu,1529958.0,16.667124195566153,45.42608359183716,13.137615542387437,NCRB Crime in India 2014 (district-wise IPC) / Census 2011
Jammu and Kashmir,Kargil,140802.0,3.55108592207497,4.261303106489965,1.4204343688299883,NCRB Crime in India 2014 (district-wise IPC) / Census 2011
Jammu and Kashmir,Kathua,616435.0,14.437856383884757,20.60233439048724,12.97784843495259,NCRB Crime in India 2014 (district-wise IPC) / Census 2011
Jammu and Kashmir,Kishtwar,230696.0,13.43759753094982,21.673544404757774,12.570655754759509,NCRB Crime in India 2014 (district-wise IPC) / Census 2011
Jammu and Kashmir,Kulgam,424483.0,17.904132792125953,23.322488768690384,44.995912674948116,NCRB Crime in India 2014 (district-wise IPC) / Census 2011
Jammu and Kashmir,Kupwara,870354.0,9.421453799258693,7.81291290670233,9.306558021218953,NCRB Crime in India 2014 (district-wise IPC) / Census 2011
Jammu and Kashmir,Leh,133487.0,5.993092960363182,11.237049300680965,6.74222958040858,NCRB Crime in India 2014 (district-wise IPC) / Census 2011
Jammu and Kashmir,Pulwama,560440.0,9.099992862750696,7.315680536721148,5.888230675897509,NCRB Crime in India 2014 (district-wise IPC) / Census 2011
Jammu and Kashmir,Railways Jammu,1529958.0,0.06536127135516138,0.4575288994861297,0.19608381406548414,NCRB Crime in India 2014 (district-wise IPC) / Census 2011
Jammu and Kashmir,Rajouri,642415.0,23.66071776032627,15.721924301269429,18.99083925499872,NCRB Crime in India 2014 (district-wise IPC) / Census 2011
Jammu and Kashmir,Ramban,283713.0,14.451223595675911,20.443194354858605,17.27097454117365,NCRB Crime in India 2014 (district-wise IPC) / Census 2011
Jammu and Kashmir,Reasi,314667.0,17.796591317170215,17.16099877012842,12.076258393794074,NCRB Crime in India 2014 (district-wise IPC) / Census 2011
Jammu and Kashmir,Samba,318898.0,13.797515192945706,19.755533117172263,5.644438033477789,NCRB Crime in India 2014 (district-wise IPC) / Census 2011
Jammu and Kashmir,Srinagar,1236829.0,12.855455362058944,52.472896414945,22.71938966502241,NCRB Crime in India 2014 (district-wise IPC) / Census 2011
Jammu and Kashmir,Udhampur,554985.0,13.333693703433426,18.378875104732558,11.892213303062244,NCRB Crime in India 2014 (district-wise IPC) / Census 2011
Jharkhand,Bokaro,2062330.0,12.752566272129096,43.97938254304597,3.0547972438940425,NCRB Crime in India 2014 (district-wise IPC) / Census 2011
Jharkhand,Chatra,1042886.0,12.561296249062698,16.205031038867144,5.369714427080237,NCRB Crime in India 2014 (district-wise IPC) / Census 2011
Jharkhand,Deoghar,1492073.0,15.07969114111709,29.757257185137725,3.0829590777394937,NCRB Crime in India 2014 (district-wise IPC) / Census 2011
Jharkhand,Dhanbad,2684487.0,14.080902608207824,49.13415486832307,4.805387398039178,NCRB Crime in India 2014 (district-wise IPC) / Census 2011
Jharkhand,Dumka,1321442.0,13.318783571280465,23.98894540963584,5.14589365254018,NCRB Crime in India 2014 (district-wise IPC) / Census 2011
Jharkhand,Garhwa,1322784.0,36.89188862278346,18.44594431139173,5.9722524614751915,NCRB Crime in India 2014 (district-wise IPC) / Census 2011
Jharkhand,Giridih,2445474.0,14.189478195229228,15.579801707153704,5.070591631724565,NCRB Crime in India 2014 (district-wise IPC) / Census 2011
Jharkhand,Godda,1313551.0,11.723945244607938,13.018146992389333,2.5884034955627913,NCRB Crime in India 2014 (district-wise IPC) / Census 2011
Jharkhand,Gumla,1025213.0,35.11465422307364,19.02043770416489,7.998337906366774,NCRB Crime in India 2014 (district-wise IPC) / Census 2011
Jharkhand,Hazaribagh,1734495.0,15.912412546591371,35.45700621794816,6.28424988253065,NCRB Crime in India 2014 (district-wise IPC) / Census 2011
Jharkhand,Jamtara,791042.0,16.43401993825865,20.100070539870195,9.481165348995376,NCRB Crime in India 2014 (district-wise IPC) / Census 2011
Jharkhand,Khunti,531885.0,26.13346870094099,11.092623405435384,2.256126794325841,NCRB Crime in India 2014 (district-wise IPC) / Census 2011
Jharkhand,Latehar,726978.0,17.744691036042358,18.019802524973247,3.4388936116361153,NCRB Crime in India 2014 (district-wise IPC) / Census 2011
Jharkhand,Lohardagga,461790.0,31.399553909785833,24.469997184867584,10.39433508737738,NCRB Crime in India 2014 (district-wise IPC) / Census 2011
Jharkhand,Pakur,900422.0,13.882379595345293,12.660730190954908,8.107309683681653,NCRB Crime in India 2014 (district-wise IPC) / Census 2011
Jharkhand,Palamu,1939869.0,17.733156207970744,17.16610760829726,3.3507417253433096,NCRB Crime in India 2014 (district-wise IPC) / Census 2011
Jharkhand,Ramgarh,949443.0,23.06615563019581,37.811643247672585,8.531317835825847,NCRB Crime in India 2014 (district-wise IPC) / Census 2011
Jharkhand,Ranchi,2914253.0,13.554073719749109,22.372800165256756,2.6765006332669126,NCRB Crime in India 2014 (district-wise IPC) / Census 2011
Jharkhand,Saraikela,1065056.0,15.304359582970285,24.881320794399542,9.013610551933418,NCRB Crime in India 2014 (district-wise IPC) / Census 2011
Jharkhand,Simdega,599578.0,24.35045982340913,11.007742111952073,5.17030311318961,NCRB Crime in India 2014 (district-wise IPC) / Census 2011
Karnataka,Bagalkot,1889752.0,8.149217463455523,16.03384994433132,6.297122585397449,NCRB Crime in India 2014 (district-wise IPC) / Census 2011
Karnataka,Bengaluru City,10612474.0,29.52186266840324,142.64345900870995,9.79978843764423,NCRB Crime in India 2014 (district-wise IPC) / Census 2011
Karnataka,Belagavi District,4779661.0,11.130496493370554,23.809219942585884,8.51524825714627,NCRB Crime in India 2014 (district-wise IPC) / Census 2011
Karnataka,Ballari,2452595.0,10.03019251038186,26.298675484537803,6.890660708351766,NCRB Crime in India 2014 (district-wise IPC) / Census 2011
Karnataka,Bidar,1703300.0,12.563846650619386,24.36446897199554,7.867081547584102,NCRB Crime in India 2014 (district-wise IPC) / Census 2011
Karnataka,Vijayapura,2177331.0,13.686481292922391,14.972459400982213,7.8995798066531915,NCRB Crime in India 2014 (district-wise IPC) / Census 2011
Karnataka,Chamarajnagar,1020791.0,9.992251107229588,18.221163783771605,10.18817759952821,NCRB Crime in India 2014 (district-wise IPC) / Census 2011
Karnataka,Chikkaballapura,1255104.0,13.30567028708378,28.28450869410025,12.030875529039825,NCRB Crime in India 2014 (district-wise IPC) / Census 2011
Karnataka,Chikkamagaluru,1255104.0,16.253633165060425,28.12515934934476,16.253633165060425,NCRB Crime in India 2014 (district-wise IPC) / Census 2011
Karnataka,Chitradurga,1659456.0,9.701974623008986,23.501677658220526,16.270392224921903,NCRB Crime in India 2014 (district-wise IPC) / Census 2011
Karnataka,Dakshina Kannada,2089649.0,6.31685034185167,10.04953463476402,5.503316585704106,NCRB Crime in India 2014 (district-wise IPC) / Census 2011
Karnataka,Davanagere,1945497.0,13.312793594644454,33.616088845163986,13.004389109826434,NCRB Crime in India 2014 (district-wise IPC) / Census 2011
Karnataka,Dharwad,1847023.0,4.926847148086408,6.280376584373881,2.9777647598324437,NCRB Crime in India 2014 (district-wise IPC) / Census 2011
Karnataka,Gadag,1064570.0,6.763294099965244,14.184130681871553,4.320993452755573,NCRB Crime in India 2014 (district-wise IPC) / Census 2011
Karnataka,Hassan,1776421.0,18.238919715540405,31.411472843430694,17.67599009469039,NCRB Crime in India 2014 (district-wise IPC) / Census 2011
Karnataka,Haveri,1597668.0,9.45127523365305,21.53138198924933,8.574998059671971,NCRB Crime in India 2014 (district-wise IPC) / Census 2011
Karnataka,Hubballi Dharwad City,1847023.0,10.232682538333307,28.911388759100458,2.9777647598324437,NCRB Crime in India 2014 (district-wise IPC) / Census 2011
Karnataka,Kodagu,554519.0,24.706096635101773,42.55940734221911,16.23028246101576,NCRB Crime in India 2014 (district-wise IPC) / Census 2011
Karnataka,Kolar,1536401.0,12.757086203406534,18.680019083559564,6.443630276210443,NCRB Crime in India 2014 (district-wise IPC) / Census 2011
Karnataka,Koppal,1389920.0,8.20191090134684,18.56221940831127,4.460688384943018,NCRB Crime in India 2014 (district-wise IPC) / Census 2011
Karnataka,Mandya,1805769.0,16.004261896178303,37.82322102107191,18.1640065811297,NCRB Crime in India 2014 (district-wise IPC) / Census 2011
Karnataka,Mysuru City,3001127.0,15.260933642594933,47.582124981715204,12.6619100091399,NCRB Crime in India 2014 (district-wise IPC) / Census 2011
Karnataka,Raichur,1928812.0,11.509675385677816,14.775934616748549,13.42795461662412,NCRB Crime in India 2014 (district-wise IPC) / Census 2011
Karnataka,Ramanagar,1082636.0,29.926956059100196,68.53642406127267,17.087922441152887,NCRB Crime in India 2014 (district-wise IPC) / Census 2011
Karnataka,Shimoga,1752753.0,16.203081666384254,39.82306691245144,26.814959095776757,NCRB Crime in India 2014 (district-wise IPC) / Census 2011
Karnataka,Tumakuru,2678980.0,8.660012392776355,18.029249938409393,10.6757049324743,NCRB Crime in India 2014 (district-wise IPC) / Census 2011
Karnataka,Udupi,1177361.0,11.55125743081349,21.91341483198441,11.89100029642565,NCRB Crime in India 2014 (district-wise IPC) / Census 2011
Karnataka,Uttara Kannada,1437169.0,9.532629774229754,17.04740361084883,13.011691735627474,NCRB Crime in India 2014 (district-wise IPC) / Census 2011
Karnataka,Yadgiri,1174271.0,12.688723471839124,10.30426536974855,16.18025140704318,NCRB Crime in India 2014 (district-wise IPC) / Census 2011
Kerala,Kozhikode Commr.,3086293.0,8.845563269592356,30.84606678627078,14.321388150768575,NCRB Crime in India 2014 (district-wise IPC) / Census 2011
Kerala,Ernakulam Commr.,3282388.0,8.804565456612686,33.298927488158014,17.548199664390683,NCRB Crime in India 2014 (district-wise IPC) / Census 2011
Kerala,Idukki,1108974.0,13.706362818244612,29.48671474714466,24.437002129896644,NCRB Crime in India 2014 (district-wise IPC) / Census 2011
Kerala,Kannur,2523003.0,8.521591135642725,16.527923272386122,11.65278043664633,NCRB Crime in India 2014 (district-wise IPC) / Census 2011
Kerala,Kasargod,1307375.0,11.320393919112727,25.623864614207857,14.22698154699302,NCRB Crime in India 2014 (district-wise IPC) / Census 2011
Kerala,Kollam Commr.,2635375.0,15.064269790826732,26.10634160223877,26.789356353460132,NCRB Crime in India 2014 (district-wise IPC) / Census 2011
Kerala,Kottayam,1974551.0,9.21728534740303,22.38483584369307,15.142683070733549,NCRB Crime in India 2014 (district-wise IPC) / Census 2011
Kerala,Malappuram,4112920.0,5.227429660679031,14.9528801921749,11.159954484891513,NCRB Crime in India 2014 (district-wise IPC) / Census 2011
Kerala,Palakkad,2809934.0,8.612301925952709,20.07164581089805,10.142586978911249,NCRB Crime in India 2014 (district-wise IPC) / Census 2011
Kerala,Pathanamthitta,1197412.0,14.280798923010625,38.08213046136167,19.625659338640332,NCRB Crime in India 2014 (district-wise IPC) / Census 2011
Kerala,Thrissur Commr.,3121200.0,11.95053184672562,24.157375368448033,18.422401640394718,NCRB Crime in India 2014 (district-wise IPC) / Census 2011
Kerala,Trivandrum Commr.,3301427.0,15.871924473871449,43.13286345571173,32.10732813416744,NCRB Crime in India 2014 (district-wise IPC) / Census 2011
Kerala,Wayanadu,817420.0,16.882386043894204,20.063125443468476,26.424604242617015,NCRB Crime in India 2014 (district-wise IPC) / Census 2011
Lakshadweep,Lakshadweep,64473.0,1.5510368681463558,38.775921703658895,6.204147472585423,NCRB Crime in India 2014 (district-wise IPC) / Census 2011
Madhya Pradesh,Agar,845071.0,10.29499296508814,23.78498374692777,11.004992479921805,NCRB Crime in India 2014 (district-wise IPC) / Census 2011
Madhya Pradesh,Alirajpur,728999.0,15.637881533445176,19.067241518849823,4.389580781317944,NCRB Crime in India 2014 (district-wise IPC) / Census 2011
Madhya Pradesh,Anuppur,749237.0,33.63421721030862,50.45132581546294,26.026477603215007,NCRB Crime in India 2014 (district-wise IPC) / Census 2011
Madhya Pradesh,Ashok Nagar,845071.0,25.796649038956488,31.12164540020898,29.701646370541646,NCRB Crime in India 2014 (district-wise IPC) / Census 2011
Madhya Pradesh,Balaghat,1701698.0,24.563700492096718,17.394390779092415,18.334628118502813,NCRB Crime in India 2014 (district-wise IPC) / Census 2011
Madhya Pradesh,Barwani,1385881.0,11.977940385935012,24.60528717833638,11.83362785116471,NCRB Crime in India 2014 (district-wise IPC) / Census 2011
Madhya Pradesh,Betul,1575362.0,31.103962136956458,37.38823203809664,38.84821393432113,NCRB Crime in India 2014 (district-wise IPC) / Census 2011
Madhya Pradesh,Bhind,1703005.0,27.598274814225444,41.92588982416376,12.9183414024034,NCRB Crime in India 2014 (district-wise IPC) / Census 2011
Madhya Pradesh,Bhopal,2371061.0,38.42161800139262,175.61758217101965,24.630323724273648,NCRB Crime in India 2014 (district-wise IPC) / Census 2011
Madhya Pradesh,Burhanpur,757847.0,15.570425164973932,24.279307036908506,18.605338544587497,NCRB Crime in India 2014 (district-wise IPC) / Census 2011
Madhya Pradesh,Chhatarpur,1762375.0,21.9022625718136,25.47698418327541,17.5898999929073,NCRB Crime in India 2014 (district-wise IPC) / Census 2011
Madhya Pradesh,Chhindwara,2090922.0,27.069398093281336,26.160708051280725,23.052031591804955,NCRB Crime in India 2014 (district-wise IPC) / Census 2011
Madhya Pradesh,Damoh,1264219.0,19.537754139116718,16.76924646758196,14.47534011116745,NCRB Crime in India 2014 (district-wise IPC) / Census 2011
Madhya Pradesh,Datia,786754.0,31.140610661019835,34.19111946046668,15.506753063854775,NCRB Crime in India 2014 (district-wise IPC) / Census 2011
Madhya Pradesh,Dewas,1563715.0,21.87099311575319,45.98024576089633,22.062843932558042,NCRB Crime in India 2014 (district-wise IPC) / Census 2011
Madhya Pradesh,Dhar,2185793.0,29.920491098653898,54.62548374891859,18.345744542141,NCRB Crime in India 2014 (district-wise IPC) / Census 2011
Madhya Pradesh,Dindori,704524.0,29.381539876569143,21.716790343551107,36.19465057258518,NCRB Crime in India 2014 (district-wise IPC) / Census 2011
Madhya Pradesh,Guna,1241519.0,34.71553798210096,48.166802119017106,24.163947551346375,NCRB Crime in India 2014 (district-wise IPC) / Census 2011
Madhya Pradesh,Gwalior,2032036.0,35.03874931349642,126.0312317301465,26.771179250761303,NCRB Crime in India 2014 (district-wise IPC) / Census 2011
Madhya Pradesh,Harda,570465.0,28.04729475077349,24.541382906926803,23.13901816938813,NCRB Crime in India 2014 (district-wise IPC) / Census 2011
Madhya Pradesh,Hoshangabad,1241350.0,30.692391348129053,55.181858460546984,24.006122366778104,NCRB Crime in India 2014 (district-wise IPC) / Census 2011
Madhya Pradesh,Indore,3276697.0,43.42787874496787,257.42386311581447,21.759717178610046,NCRB Crime in India 2014 (district-wise IPC) / Census 2011
Madhya Pradesh,Jabalpur,2463289.0,44.37156988075699,70.71845812651297,25.291388870733396,NCRB Crime in India 2014 (district-wise IPC) / Census 2011
Madhya Pradesh,Jhabua,1025048.0,24.096432557304635,34.827637339909934,14.63346106718905,NCRB Crime in India 2014 (district-wise IPC) / Census 2011
Madhya Pradesh,Katni,1292042.0,27.862871330808133,27.08890268273013,21.3615346869529,NCRB Crime in India 2014 (district-wise IPC) / Census 2011
Madhya Pradesh,Khandwa,1310061.0,22.51803541972473,52.36397389129209,28.319292002433475,NCRB Crime in India 2014 (district-wise IPC) / Census 2011
Madhya Pradesh,Khargone,1873046.0,17.77852759622561,34.06216398315898,19.486974692559606,NCRB Crime in India 2014 (district-wise IPC) / Census 2011
Madhya Pradesh,Mandla,1054905.0,24.74156440627355,12.702565633872245,16.020399941226934,NCRB Crime in India 2014 (district-wise IPC) / Census 2011
Madhya Pradesh,Mandsaur,1340411.0,25.216146390920397,42.9718944413318,20.88911535342518,NCRB Crime in India 2014 (district-wise IPC) / Census 2011
Madhya Pradesh,Morena,1965970.0,16.68387615273885,37.13179753505903,9.155785693576199,NCRB Crime in India 2014 (district-wise IPC) / Census 2011
Madhya Pradesh,Narsinghpur,1091854.0,25.369692284865923,25.094930274560515,25.644454295171332,NCRB Crime in India 2014 (district-wise IPC) / Census 2011
Madhya Pradesh,Neemuch,826067.0,14.88983339123824,40.916777936898576,16.584611175606824,NCRB Crime in India 2014 (district-wise IPC) / Census 2011
Madhya Pradesh,Panna,1016520.0,23.70833825207571,17.904222248455515,12.296855939873293,NCRB Crime in India 2014 (district-wise IPC) / Census 2011
Madhya Pradesh,Raisen,1331597.0,28.011477947156685,35.29596416933952,29.81382505367615,NCRB Crime in India 2014 (district-wise IPC) / Census 2011
Madhya Pradesh,Rajgarh,1545814.0,18.889724119460688,35.385887305976006,21.865502576636,NCRB Crime in India 2014 (district-wise IPC) / Census 2011
Madhya Pradesh,Ratlam,1455069.0,25.153446331411086,35.59968633789875,15.944261062533803,NCRB Crime in India 2014 (district-wise IPC) / Census 2011
Madhya Pradesh,Rewa,2365106.0,24.988309192061582,54.96582394192903,11.923355655095374,NCRB Crime in India 2014 (district-wise IPC) / Census 2011
Madhya Pradesh,Sagar,2378458.0,20.979979465687432,30.52397814045907,22.829917534806164,NCRB Crime in India 2014 (district-wise IPC) / Census 2011
Madhya Pradesh,Satna,2228935.0,37.731024009224136,42.217471572746625,21.0863035485557,NCRB Crime in India 2014 (district-wise IPC) / Census 2011
Madhya Pradesh,Sehore,1311332.0,28.444360390808733,57.95633752550841,22.26743494401113,NCRB Crime in India 2014 (district-wise IPC) / Census 2011
Madhya Pradesh,Seoni,1379131.0,20.520168134861734,21.752828411514205,16.242111880597275,NCRB Crime in India 2014 (district-wise IPC) / Census 2011
Madhya Pradesh,Shahdol,1066063.0,38.92828097401373,60.315384738050184,37.239825413695065,NCRB Crime in India 2014 (district-wise IPC) / Census 2011
Madhya Pradesh,Shajapur,1512681.0,11.56886349468262,31.070661957147603,13.684312819424585,NCRB Crime in India 2014 (district-wise IPC) / Census 2011
Madhya Pradesh,Sheopur,687861.0,14.683199076557617,21.079840258424305,12.211769529018218,NCRB Crime in India 2014 (district-wise IPC) / Census 2011
Madhya Pradesh,Shivpuri,1726050.0,25.375858173285827,37.54236551664204,21.841777468787118,NCRB Crime in India 2014 (district-wise IPC) / Census 2011
Madhya Pradesh,Sidhi,1127033.0,17.923166402403478,21.649765357358657,12.776910702703471,NCRB Crime in India 2014 (district-wise IPC) / Census 2011
Madhya Pradesh,Singrauli,1178273.0,24.442552787002672,33.353900157264064,15.870685316560763,NCRB Crime in India 2014 (district-wise IPC) / Census 2011
Madhya Pradesh,Tikamgarh,1445166.0,17.852620391013904,22.004392574970627,16.122715314365273,NCRB Crime in India 2014 (district-wise IPC) / Census 2011
Madhya Pradesh,Ujjain,1986864.0,26.775863873923935,80.07593876581386,21.99445961072323,NCRB Crime in India 2014 (district-wise IPC) / Census 2011
Madhya Pradesh,Umaria,644758.0,27.607257296536062,29.77861461199396,24.50531827445336,NCRB Crime in India 2014 (district-wise IPC) / Census 2011
Madhya Pradesh,Vidisha,1458875.0,31.66823751178134,54.15131522577329,32.49078913546397,NCRB Crime in India 2014 (district-wise IPC) / Census 2011
Maharashtra,Akola,1813906.0,17.531228189332854,56.287371010405174,16.097857331085514,NCRB Crime in India 2014 (district-wise IPC) / Census 2011
Maharashtra,Amravati Commr.,2888445.0,18.625938870222562,89.18293407006192,24.442217179139643,NCRB Crime in India 2014 (district-wise IPC) / Census 2011
Maharashtra,Aurangabad Commr.,3701282.0,17.48042975379882,80.08036134506908,12.698302912342264,NCRB Crime in India 2014 (district-wise IPC) / Census 2011
Maharashtra,Bhandara,1200334.0,9.49735656908827,54.484835054243234,9.58066671443115,NCRB Crime in India 2014 (district-wise IPC) / Census 2011
Maharashtra,Chandrapur,2204307.0,13.564353785566166,46.499875017409096,15.96873756695415,NCRB Crime in India 2014 (district-wise IPC) / Census 2011
Maharashtra,Dhule,2050862.0,12.18999620647318,27.646911396281173,6.728877905973195,NCRB Crime in India 2014 (district-wise IPC) / Census 2011
Maharashtra,Gadchiroli,1072942.0,14.073454110287415,18.174328155669176,5.3124959224263755,NCRB Crime in India 2014 (district-wise IPC) / Census 2011
Maharashtra,Gondia,1322507.0,12.022620674219494,35.00926649159513,13.156830171787371,NCRB Crime in India 2014 (district-wise IPC) / Census 2011
Maharashtra,Hingoli,1177345.0,10.95685631654273,16.817500392833026,8.833434549770882,NCRB Crime in India 2014 (district-wise IPC) / Census 2011
Maharashtra,Jalgaon,4229917.0,11.324099267196024,32.53018912664244,10.567583240995036,NCRB Crime in India 2014 (district-wise IPC) / Census 2011
Maharashtra,Jalna,1959046.0,15.262530844094524,44.05205390787148,11.536227326974457,NCRB Crime in India 2014 (district-wise IPC) / Census 2011
Maharashtra,Kolhapur,3876001.0,13.93188495049408,38.23528425302264,6.94014268830168,NCRB Crime in India 2014 (district-wise IPC) / Census 2011
Maharashtra,Latur,2454196.0,15.728165150623665,35.00127944141381,9.49394424895159,NCRB Crime in India 2014 (district-wise IPC) / Census 2011
Maharashtra,Mumbai Commr.,3085411.0,117.97455833274724,494.2615424654933,84.26754166624804,NCRB Crime in India 2014 (district-wise IPC) / Census 2011
Maharashtra,Nagpur Commr.,4653570.0,27.097475701450712,126.33311629566118,14.956259387953764,NCRB Crime in India 2014 (district-wise IPC) / Census 2011
Maharashtra,Nanded,3361292.0,10.531664609917852,24.276379439810643,5.741839744955214,NCRB Crime in India 2014 (district-wise IPC) / Census 2011
Maharashtra,Nandurbar,1648295.0,7.280250197931803,15.409862918955646,3.94346885721306,NCRB Crime in India 2014 (district-wise IPC) / Census 2011
Maharashtra,Navi Mumbai,3085411.0,23.659732852446563,78.01229722717655,9.561124919824296,NCRB Crime in India 2014 (district-wise IPC) / Census 2011
Maharashtra,Osmanabad,1657576.0,13.694696351781156,40.60145658479611,10.497256234404938,NCRB Crime in India 2014 (district-wise IPC) / Census 2011
Maharashtra,Parbhani,1836086.0,16.448031301366058,40.30312305632743,9.803462365052617,NCRB Crime in India 2014 (district-wise IPC) / Census 2011
Maharashtra,Pune Commr.,9429408.0,27.796018583563253,114.02624639850137,13.712419698034065,NCRB Crime in India 2014 (district-wise IPC) / Census 2011
Maharashtra,Raigad,2634200.0,8.1239085870473,27.522587502847166,6.149874724774125,NCRB Crime in India 2014 (district-wise IPC) / Census 2011
Maharashtra,Ratnagiri,1615069.0,7.368106254283872,27.057667505227332,6.439353365088427,NCRB Crime in India 2014 (district-wise IPC) / Census 2011
Maharashtra,Sangli,2822143.0,10.807389986970895,31.8197908468848,8.114401006610933,NCRB Crime in India 2014 (district-wise IPC) / Census 2011
Maharashtra,Satara,3003741.0,19.009628326809803,63.121287754170545,11.652136452510385,NCRB Crime in India 2014 (district-wise IPC) / Census 2011
Maharashtra,Sindhudurg,849651.0,7.06172298979228,27.30532889386348,7.297113756118689,NCRB Crime in India 2014 (district-wise IPC) / Census 2011
Maharashtra,Solapur Commr.,4317756.0,16.212125001968616,53.80109482796156,10.352599822685674,NCRB Crime in India 2014 (district-wise IPC) / Census 2011
Maharashtra,Thane Commr.,11060148.0,24.556633419371963,66.45480693386743,10.180695592861868,NCRB Crime in India 2014 (district-wise IPC) / Census 2011
Maharashtra,Wardha,1300774.0,20.14185400384694,78.10734224392554,20.14185400384694,NCRB Crime in India 2014 (district-wise IPC) / Census 2011
Maharashtra,Washim,1197160.0,17.959170035751278,52.791606802766545,18.54388719970597,NCRB Crime in India 2014 (district-wise IPC) / Census 2011
Maharashtra,Yavatmal,2772348.0,21.7505161689658,88.15632092363585,38.88400734684102,NCRB Crime in India 2014 (district-wise IPC) / Census 2011
Manipur,Bishnupur,237399.0,23.167747126146278,24.431442423936073,6.318476488948985,NCRB Crime in India 2014 (district-wise IPC) / Census 2011
Manipur,Chandel,144182.0,9.016382072658168,8.322814220915232,0.693567851742936,NCRB Crime in India 2014 (district-wise IPC) / Census 2011
Manipur,Churachandpur,274143.0,12.767059527326978,13.13183265667918,2.9181850348175953,NCRB Crime in India 2014 (district-wise IPC) / Census 2011
Manipur,Imphal East,456113.0,22.362879374190168,58.31888150524102,5.919585716697397,NCRB Crime in India 2014 (district-wise IPC) / Census 2011
Manipur,Imphal West,517992.0,30.309348406925203,97.8779595051661,12.548456346816169,NCRB Crime in India 2014 (district-wise IPC) / Census 2011
Manipur,Senapati,479148.0,5.426298346231227,3.339260520757678,0.6261113476420647,NCRB Crime in India 2014 (district-wise IPC) / Census 2011
Manipur,Tamenglong,140651.0,22.75134908390271,8.531755906463516,0.0,NCRB Crime in India 2014 (district-wise IPC) / Census 2011
Manipur,Thoubal,422168.0,33.63589850486063,40.2683291959599,12.791116332834322,NCRB Crime in India 2014 (district-wise IPC) / Census 2011
Manipur,Ukhrul,183998.0,13.587104207654432,3.2609050098370633,0.5434841683061772,NCRB Crime in India 2014 (district-wise IPC) / Census 2011
Meghalaya,Jaintia Hills East,395124.0,13.919680910296513,18.728297952035312,4.55553193427886,NCRB Crime in India 2014 (district-wise IPC) / Census 2011
Meghalaya,Jaintia Hills West,395124.0,12.907340480456769,20.499893704254866,4.55553193427886,NCRB Crime in India 2014 (district-wise IPC) / Census 2011
Mizoram,Aizawl,400309.0,17.73629870924711,177.612794116545,24.231281335168582,NCRB Crime in India 2014 (district-wise IPC) / Census 2011
Mizoram,Champhai,125745.0,27.834108712076024,108.15539385263828,40.55827269473935,NCRB Crime in India 2014 (district-wise IPC) / Census 2011
Mizoram,Kolasib,83955.0,22.631171460901676,212.0183431600262,25.01340003573343,NCRB Crime in India 2014 (district-wise IPC) / Census 2011
Mizoram,Lawngtlai,117894.0,13.57151339338728,34.777003070554905,11.87507421921387,NCRB Crime in India 2014 (district-wise IPC) / Census 2011
Mizoram,Lunglei,161428.0,16.725722922913,56.371880962410486,16.725722922913,NCRB Crime in India 2014 (district-wise IPC) / Census 2011
Mizoram,Mamit,86364.0,16.210458061229215,84.52595989069519,18.526237784261962,NCRB Crime in India 2014 (district-wise IPC) / Census 2011
Mizoram,Saiha,56574.0,14.14077137907873,76.00664616254817,10.605578534309046,NCRB Crime in India 2014 (district-wise IPC) / Census 2011
Mizoram,Serchhip,64937.0,23.09931164051311,84.69747601521475,23.09931164051311,NCRB Crime in India 2014 (district-wise IPC) / Census 2011
Nagaland,Dimapur,378811.0,29.038227506593,69.16377824297605,6.599597160589317,NCRB Crime in India 2014 (district-wise IPC) / Census 2011
Nagaland,Kiphire,74004.0,5.405113237122317,2.7025566185611587,1.3512783092805793,NCRB Crime in India 2014 (district-wise IPC) / Census 2011
Nagaland,Kohima,267988.0,10.821380061793812,34.70304640506291,3.3583593295222176,NCRB Crime in India 2014 (district-wise IPC) / Census 2011
Nagaland,Longleng,50484.0,5.9424768243403845,3.9616512162269233,1.9808256081134616,NCRB Crime in India 2014 (district-wise IPC) / Census 2011
Nagaland,Mokokchung,194622.0,6.679614843131814,7.193431369526569,1.5414495791842648,NCRB Crime in India 2014 (district-wise IPC) / Census 2011
Nagaland,Mon,250260.0,3.596259889714697,4.39542875409574,0.3995844321905218,NCRB Crime in India 2014 (district-wise IPC) / Census 2011
Nagaland,Peren,95219.0,1.0502105672187274,7.351473970531092,2.100421134437455,NCRB Crime in India 2014 (district-wise IPC) / Census 2011
Nagaland,Phek,163418.0,11.014698503224858,18.9697585333317,2.447710778494413,NCRB Crime in India 2014 (district-wise IPC) / Census 2011
Nagaland,Tuensang,196596.0,1.5259720441921503,10.173146961281002,0.50865734806405,NCRB Crime in India 2014 (district-wise IPC) / Census 2011
Nagaland,Wokha,166343.0,12.62451681164822,17.43385654941897,0.0,NCRB Crime in India 2014 (district-wise IPC) / Census 2011
Nagaland,Zunheboto,140757.0,11.367107852540194,27.707325390566723,2.1313327223512863,NCRB Crime in India 2014 (district-wise IPC) / Census 2011
Delhi,Central,582320.0,130.85588679763703,856.5737051792829,58.902321747492785,NCRB Crime in India 2014 (district-wise IPC) / Census 2011
Delhi,East,1709346.0,108.40403288743181,656.6839013283443,46.68452144855401,NCRB Crime in India 2014 (district-wise IPC) / Census 2011
Delhi,New Delhi,142004.0,99.29297766260105,963.3531449818315,66.89952395707162,NCRB Crime in India 2014 (district-wise IPC) / Census 2011
Delhi,North,887978.0,85.58770600172527,598.5508649989076,29.392620087434597,NCRB Crime in India 2014 (district-wise IPC) / Census 2011
Delhi,North-East,2241624.0,123.92800933608846,469.3026127486144,35.28691698518574,NCRB Crime in India 2014 (district-wise IPC) / Census 2011
Delhi,North-West,3656539.0,46.601444699482215,246.4078736750791,17.28410390262486,NCRB Crime in India 2014 (district-wise IPC) / Census 2011
Delhi,South,2731929.0,55.01607106187606,381.23245516263415,56.80967550767242,NCRB Crime in India 2014 (district-wise IPC) / Census 2011
Delhi,South-East,1709346.0,87.98686749201157,527.4531896994523,50.721153002376354,NCRB Crime in India 2014 (district-wise IPC) / Census 2011
Delhi,South-West,2292958.0,66.28991896057407,259.4029197220359,35.499996074939006,NCRB Crime in India 2014 (district-wise IPC) / Census 2011
Delhi,West,2543243.0,71.40489524595172,430.7885640499158,31.495220865642803,NCRB Crime in India 2014 (district-wise IPC) / Census 2011
Odisha,Bhadrak,1506337.0,22.040220747415752,22.96962764640316,16.331006939350225,NCRB Crime in India 2014 (district-wise IPC) / Census 2011
Odisha,Cuttack,2624470.0,12.192938002720549,13.3741288717341,3.6959843320746666,NCRB Crime in India 2014 (district-wise IPC) / Census 2011
Odisha,Dhenkanal,1192811.0,35.2109428903657,33.198889010916226,38.564366022781485,NCRB Crime in India 2014 (district-wise IPC) / Census 2011
Odisha,Gajapati,577817.0,14.018279143742744,9.864714953004151,18.51797368370955,NCRB Crime in India 2014 (district-wise IPC) / Census 2011
Odisha,Ganjam,3529031.0,18.418653732426833,10.031082186583228,15.443332744880959,NCRB Crime in India 2014 (district-wise IPC) / Census 2011
Odisha,Jagatsinghpur,1136971.0,26.297944274744037,48.72595695052908,21.98824772135789,NCRB Crime in India 2014 (district-wise IPC) / Census 2011
Odisha,Jharsuguda,579505.0,37.100628985082096,71.267719864367,26.574404017221593,NCRB Crime in India 2014 (district-wise IPC) / Census 2011
Odisha,Kalahandi,1576869.0,27.396061435667768,14.52244923325907,20.92754693002399,NCRB Crime in India 2014 (district-wise IPC) / Census 2011
Odisha,Kandhamal,733110.0,22.234044004310405,18.960319733737094,25.09855274106205,NCRB Crime in India 2014 (district-wise IPC) / Census 2011
Odisha,Kendrapara,1440361.0,17.565040986252754,16.662489473125138,15.343375723169402,NCRB Crime in India 2014 (district-wise IPC) / Census 2011
Odisha,Koraput,1379647.0,24.49902040159548,17.46823644019086,18.193059528995462,NCRB Crime in India 2014 (district-wise IPC) / Census 2011
Odisha,Malkangiri,613192.0,21.68978068859346,9.295620295111483,8.806377121684562,NCRB Crime in India 2014 (district-wise IPC) / Census 2011
Odisha,Mayurbhanj,2519738.0,22.462652863115135,17.462132967792684,19.84333291794623,NCRB Crime in India 2014 (district-wise IPC) / Census 2011
Odisha,Nabarangpur,1220946.0,20.148311227523575,9.582733388700237,22.851133465362103,NCRB Crime in India 2014 (district-wise IPC) / Census 2011
Odisha,Nayagarh,962789.0,29.0821768840317,25.446904773527745,6.439624881464163,NCRB Crime in India 2014 (district-wise IPC) / Census 2011
Odisha,Nuapada,610382.0,26.704588274228268,24.574774485486138,27.19608376393799,NCRB Crime in India 2014 (district-wise IPC) / Census 2011
Odisha,Puri,1698730.0,28.609608354476578,46.62306546655442,13.59839409441171,NCRB Crime in India 2014 (district-wise IPC) / Census 2011
Odisha,Rayagada,967911.0,25.1056140492256,21.282948535557505,17.150337169429836,NCRB Crime in India 2014 (district-wise IPC) / Census 2011
Odisha,Sambalpur,1041099.0,42.935398074534696,94.80366420484508,19.01836424778047,NCRB Crime in India 2014 (district-wise IPC) / Census 2011
Odisha,Sundargarh,2093437.0,10.747875383878283,13.422902146087987,6.8786402456821,NCRB Crime in India 2014 (district-wise IPC) / Census 2011
Puducherry,Karaikal,200222.0,6.492792999770256,25.971171999081022,7.991129845871083,NCRB Crime in India 2014 (district-wise IPC) / Census 2011
Puducherry,Puducherry,950289.0,6.208637582882681,46.196472862466045,3.5778589460679853,NCRB Crime in India 2014 (district-wise IPC) / Census 2011
Punjab,Amritsar Rural,2490656.0,9.957216090861202,10.238266545038737,5.13920830496062,NCRB Crime in India 2014 (district-wise IPC) / Census 2011
Punjab,Barnala,595527.0,18.80687189665624,24.34818236620674,8.395924953864393,NCRB Crime in India 2014 (district-wise IPC) / Census 2011
Punjab,Bathinda,1388525.0,16.276264381267893,31.25618912154985,9.7945661763382,NCRB Crime in India 2014 (district-wise IPC) / Census 2011
Punjab,CP Amritsar,2490656.0,9.234514922976116,18.62963010548225,3.6135058394254362,NCRB Crime in India 2014 (district-wise IPC) / Census 2011
Punjab,CP Jalandhar,2193590.0,9.983634133999516,32.00233407336832,6.063120273159524,NCRB Crime in India 2014 (district-wise IPC) / Census 2011
Punjab,CP Ludhiana,3498739.0,14.948242781184879,25.294827650762173,7.174013265922379,NCRB Crime in India 2014 (district-wise IPC) / Census 2011
Punjab,Faridkot,617508.0,18.785181730439117,23.15759471942064,6.477648872565214,NCRB Crime in India 2014 (district-wise IPC) / Census 2011
Punjab,Fatehgarh Sahib,600163.0,13.829576298438925,23.160374764855547,8.9975556640446,NCRB Crime in India 2014 (district-wise IPC) / Census 2011
Punjab,Gurdaspur,2298323.0,3.6548387672228837,5.35172819486208,3.1327189433339004,NCRB Crime in India 2014 (district-wise IPC) / Census 2011
Punjab,Hoshiarpur,1586625.0,11.533916331836444,22.941778933270307,5.86149846372016,NCRB Crime in India 2014 (district-wise IPC) / Census 2011
Punjab,Jalandhar Rural,2193590.0,6.701343459807895,13.630623771990209,3.282290674191622,NCRB Crime in India 2014 (district-wise IPC) / Census 2011
Punjab,Kapurthala,815168.0,16.070306979665542,29.441783779539925,9.445905629269058,NCRB Crime in India 2014 (district-wise IPC) / Census 2011
Punjab,Ludhiana Rural,3498739.0,3.1439898774958634,7.659902610626285,1.1432690463621322,NCRB Crime in India 2014 (district-wise IPC) / Census 2011
Punjab,Mansa,769751.0,11.302356216490788,13.380950463201735,6.625519161391152,NCRB Crime in India 2014 (district-wise IPC) / Census 2011
Punjab,Moga,995746.0,13.356819911905244,25.809794867365774,7.1303324341749805,NCRB Crime in India 2014 (district-wise IPC) / Census 2011
Punjab,Muktsar,901896.0,11.974773144575428,18.849179949794653,6.098264101404153,NCRB Crime in India 2014 (district-wise IPC) / Census 2011
Punjab,Patiala,1895686.0,12.607573195138857,24.63488151518764,6.013654160024393,NCRB Crime in India 2014 (district-wise IPC) / Census 2011
Punjab,Sangrur,1655169.0,12.506275794193824,19.756290747349667,6.766680622945452,NCRB Crime in India 2014 (district-wise IPC) / Census 2011
Punjab,Tarn Taran,1119627.0,14.737050821389623,16.96993730947896,7.502498599980172,NCRB Crime in India 2014 (district-wise IPC) / Census 2011
Rajasthan,Ajmer,2583052.0,19.782799571979194,57.83855686993525,12.543301489865478,NCRB Crime in India 2014 (district-wise IPC) / Census 2011
Rajasthan,Alwar,3674179.0,24.767437841215685,95.17772541838599,15.921924326495798,NCRB Crime in India 2014 (district-wise IPC) / Census 2011
Rajasthan,Banswara,1797485.0,20.194883406537468,16.24491998542408,14.520288069163302,NCRB Crime in India 2014 (district-wise IPC) / Census 2011
Rajasthan,Baran,1222755.0,28.623886224141387,46.77960834345392,24.044064428278766,NCRB Crime in India 2014 (district-wise IPC) / Census 2011
Rajasthan,Barmer,2603751.0,9.371095776823513,21.929900362976337,15.784919525715015,NCRB Crime in India 2014 (district-wise IPC) / Census 2011
Rajasthan,Bharatpur,2548462.0,27.58526515207996,65.01960790468918,14.479321253367717,NCRB Crime in India 2014 (district-wise IPC) / Census 2011
Rajasthan,Bhilwara,2408523.0,11.002593705769055,42.515682847952874,9.424863287583303,NCRB Crime in India 2014 (district-wise IPC) / Census 2011
Rajasthan,Bikaner,2363937.0,11.421624180339832,20.685830459948804,6.9375791317619715,NCRB Crime in India 2014 (district-wise IPC) / Census 2011
Rajasthan,Bundi,1110906.0,27.815134673860797,32.495998761371354,23.31430382048526,NCRB Crime in India 2014 (district-wise IPC) / Census 2011
Rajasthan,Chittorgarh,1544338.0,27.45512964130909,51.21935742046106,16.900445368824702,NCRB Crime in India 2014 (district-wise IPC) / Census 2011
Rajasthan,Churu,2039547.0,13.679508243742362,20.445716622367613,6.27590342365241,NCRB Crime in India 2014 (district-wise IPC) / Census 2011
Rajasthan,Dausa,1634409.0,14.317101778073908,69.8723514126513,11.441444583332569,NCRB Crime in India 2014 (district-wise IPC) / Census 2011
Rajasthan,Dungarpur,1388552.0,23.333659812524125,15.987878019692458,19.444716510436773,NCRB Crime in India 2014 (district-wise IPC) / Census 2011
Rajasthan,Ganganagar,1969168.0,24.12186263437147,31.18068138421912,17.1646096219317,NCRB Crime in India 2014 (district-wise IPC) / Census 2011
Rajasthan,Hanumangarh,1774692.0,20.905035916091357,24.173208646908872,15.213907540012576,NCRB Crime in India 2014 (district-wise IPC) / Census 2011
Rajasthan,Jaipur Rural,6626178.0,5.749920995180027,15.046381186862169,4.165297098870571,NCRB Crime in India 2014 (district-wise IPC) / Census 2011
Rajasthan,Jaipur East,6626178.0,6.700695332965701,56.276785803218694,3.6672724457447416,NCRB Crime in India 2014 (district-wise IPC) / Census 2011
Rajasthan,Jaipur North,6626178.0,4.029472193472617,14.48798990911503,1.765723770173394,NCRB Crime in India 2014 (district-wise IPC) / Census 2011
Rajasthan,Jaipur South,6626178.0,5.146254748966901,32.054677673917,2.3090233917652077,NCRB Crime in India 2014 (district-wise IPC) / Census 2011
Rajasthan,Jaipur West,6626178.0,6.610145396033732,27.813922294269787,3.1843394487742405,NCRB Crime in India 2014 (district-wise IPC) / Census 2011
Rajasthan,Jaisalmer,669919.0,11.195383322461373,37.61648796347021,15.524264873813102,NCRB Crime in India 2014 (district-wise IPC) / Census 2011
Rajasthan,Jalore,1828730.0,10.717820563997966,22.037151465771327,8.475827486835126,NCRB Crime in India 2014 (district-wise IPC) / Census 2011
Rajasthan,Jhalawar,1411129.0,33.094068649995855,45.35375575160032,33.235799136719606,NCRB Crime in India 2014 (district-wise IPC) / Census 2011
Rajasthan,Jhunjhunu,2137045.0,12.681061933651373,33.317033567379255,6.410721346532244,NCRB Crime in India 2014 (district-wise IPC) / Census 2011
Rajasthan,Jodhpur Rural,3687165.0,6.210733720893966,21.07310087831708,4.339377272240326,NCRB Crime in India 2014 (district-wise IPC) / Census 2011
Rajasthan,Jodhpur East,3687165.0,5.261494942591395,17.16766133330079,3.3901384939377546,NCRB Crime in India 2014 (district-wise IPC) / Census 2011
Rajasthan,Jodhpur West,3687165.0,5.478463806203411,11.689197527097376,4.420740596094832,NCRB Crime in India 2014 (district-wise IPC) / Census 2011
Rajasthan,Karauli,1458248.0,17.82961471574108,52.32306164657864,10.492042505801482,NCRB Crime in India 2014 (district-wise IPC) / Census 2011
Rajasthan,Kota City,1951014.0,31.778347054403504,65.9656978371247,23.064929313679965,NCRB Crime in India 2014 (district-wise IPC) / Census 2011
Rajasthan,Nagaur,3307743.0,12.243998400117542,20.9810738016829,5.925490583760588,NCRB Crime in India 2014 (district-wise IPC) / Census 2011
Rajasthan,Pali,2037573.0,20.171056448038918,36.17048321704302,23.115736221475256,NCRB Crime in India 2014 (district-wise IPC) / Census 2011
Rajasthan,Rajsamand,1156597.0,16.081660249853666,29.223662174465264,11.239870067102025,NCRB Crime in India 2014 (district-wise IPC) / Census 2011
Rajasthan,Sawai Madhopur,1335551.0,19.841997797163867,52.188197979710246,14.67559082356271,NCRB Crime in India 2014 (district-wise IPC) / Census 2011
Rajasthan,Sikar,2677333.0,14.902890301654669,41.57122031514197,5.191733714110273,NCRB Crime in India 2014 (district-wise IPC) / Census 2011
Rajasthan,Sirohi,1036346.0,20.745967080492424,18.623123937372267,12.833551728862755,NCRB Crime in India 2014 (district-wise IPC) / Census 2011
Rajasthan,Tonk,1421326.0,13.156728294564372,34.61556321350626,14.63422184636037,NCRB Crime in India 2014 (district-wise IPC) / Census 2011
Rajasthan,Udaipur,3068420.0,31.090919756747773,44.19212493726413,24.377366853299094,NCRB Crime in India 2014 (district-wise IPC) / Census 2011
Sikkim,East,283583.0,21.157826809082348,58.184023724976456,13.39995697908549,NCRB Crime in India 2014 (district-wise IPC) / Census 2011
Sikkim,North,43709.0,6.863575007435539,38.89359170880139,6.863575007435539,NCRB Crime in India 2014 (district-wise IPC) / Census 2011
Sikkim,South,146850.0,15.662240381341507,38.13415049370106,21.790943139257745,NCRB Crime in India 2014 (district-wise IPC) / Census 2011
Sikkim,West,136435.0,15.391944882178326,8.795397075530474,16.124894638472533,NCRB Crime in India 2014 (district-wise IPC) / Census 2011
Tamil Nadu,Ariyalur,754894.0,10.994921141246321,12.319610435372383,3.841598952965582,NCRB Crime in India 2014 (district-wise IPC) / Census 2011
Tamil Nadu,Chennai,4646732.0,12.202123987352833,42.180181684676455,6.111822244106181,NCRB Crime in India 2014 (district-wise IPC) / Census 2011
Tamil Nadu,Coimbatore,3458045.0,12.695034332982944,37.419987304965666,1.1856410197091132,NCRB Crime in India 2014 (district-wise IPC) / Census 2011
Tamil Nadu,Cuddalore,2605914.0,10.936661762437286,25.902619963667256,0.6523622805664346,NCRB Crime in India 2014 (district-wise IPC) / Census 2011
Tamil Nadu,Dharmapuri,1506843.0,18.449168227877756,27.673752341816634,2.4554648360844493,NCRB Crime in India 2014 (district-wise IPC) / Census 2011
Tamil Nadu,Dindigul,2159775.0,14.862659304788693,17.45552198724404,2.037249250500631,NCRB Crime in India 2014 (district-wise IPC) / Census 2011
Tamil Nadu,Erode,2251744.0,6.528273196242557,20.206559893131725,0.8437904131197862,NCRB Crime in India 2014 (district-wise IPC) / Census 2011
Tamil Nadu,Kanchipuram,3998252.0,5.177262463696636,17.732749211405384,0.6252732444078062,NCRB Crime in India 2014 (district-wise IPC) / Census 2011
Tamil Nadu,Karur,1064493.0,6.763783322201274,20.197408531573245,1.9727701356420382,NCRB Crime in India 2014 (district-wise IPC) / Census 2011
Tamil Nadu,Krishnagiri,1879809.0,13.831192424336729,28.08796000019151,2.553450909108319,NCRB Crime in India 2014 (district-wise IPC) / Census 2011
Tamil Nadu,Madurai,3038252.0,29.45772766709279,59.639555902538696,5.13453130286757,NCRB Crime in India 2014 (district-wise IPC) / Census 2011
Tamil Nadu,Nagapattinam,1616450.0,12.37279222988648,18.621052305979152,3.588109746667079,NCRB Crime in India 2014 (district-wise IPC) / Census 2011
Tamil Nadu,Namakkal,1726601.0,7.529243872788212,13.089300886539508,3.011697549115285,NCRB Crime in India 2014 (district-wise IPC) / Census 2011
Tamil Nadu,Nilgiris,735394.0,4.759353489421997,11.558429902881993,2.583649037114798,NCRB Crime in India 2014 (district-wise IPC) / Census 2011
Tamil Nadu,Perambalur,565223.0,10.438357957832572,17.338289489281223,5.8384036035334725,NCRB Crime in India 2014 (district-wise IPC) / Census 2011
Tamil Nadu,Pudukottai,1618345.0,9.083353673042522,10.689933234260927,1.977328690730345,NCRB Crime in India 2014 (district-wise IPC) / Census 2011
Tamil Nadu,Salem,3482056.0,9.99409544246273,18.379945641310766,2.6421171859384227,NCRB Crime in India 2014 (district-wise IPC) / Census 2011
Tamil Nadu,Sivagangai,1339101.0,18.071825799547607,31.439002733923726,2.1656320173011596,NCRB Crime in India 2014 (district-wise IPC) / Census 2011
Tamil Nadu,Thanjavur,2405890.0,13.092867919979717,21.655187893045817,2.909526204439937,NCRB Crime in India 2014 (district-wise IPC) / Census 2011
Tamil Nadu,Theni,1245899.0,15.490822289768271,27.931638118338643,3.0500064611978983,NCRB Crime in India 2014 (district-wise IPC) / Census 2011
Tamil Nadu,Thirunelveli,3728104.0,23.470375289959723,26.47458332707457,2.6823286045668255,NCRB Crime in India 2014 (district-wise IPC) / Census 2011
Tamil Nadu,Thiruvallur,3728104.0,3.4333806138455363,8.610274820659509,0.32187943254801904,NCRB Crime in India 2014 (district-wise IPC) / Census 2011
Tamil Nadu,Thiruvannamalai,3728104.0,6.30347222073204,11.319426711272003,0.8046985813700476,NCRB Crime in India 2014 (district-wise IPC) / Census 2011
Tamil Nadu,Thiruvarur,1264277.0,10.598943111359299,24.99452256111596,0.39548295191639177,NCRB Crime in India 2014 (district-wise IPC) / Census 2011
Tamil Nadu,Thoothugudi,1750176.0,19.02665789040645,35.71069423875085,3.5996379792660855,NCRB Crime in India 2014 (district-wise IPC) / Census 2011
Tamil Nadu,Tiruppur,2479052.0,13.392216056782997,38.442114162994564,1.331154005644093,NCRB Crime in India 2014 (district-wise IPC) / Census 2011
Tamil Nadu,Vellore,3936331.0,9.729872818114126,27.89399570310525,1.4226445895937105,NCRB Crime in India 2014 (district-wise IPC) / Census 2011
Tamil Nadu,Virudhunagar,1942288.0,11.3783331823087,25.12500720799387,1.9564554793109983,NCRB Crime in India 2014 (district-wise IPC) / Census 2011
Tripura,Dhalai,378230.0,19.829204452317374,6.609734817439124,23.266266557385716,NCRB Crime in India 2014 (district-wise IPC) / Census 2011
Tripura,North,693947.0,9.65491600943588,7.205161201071552,10.807741801607326,NCRB Crime in India 2014 (district-wise IPC) / Census 2011
Tripura,South,876001.0,8.333323820406598,5.593600920546894,8.67578918288906,NCRB Crime in India 2014 (district-wise IPC) / Census 2011
Tripura,West,1725739.0,10.256475631598985,15.413686542402994,14.544493692267485,NCRB Crime in India 2014 (district-wise IPC) / Census 2011
Uttar Pradesh,Agra,4418797.0,23.648970522972654,91.78968846045655,8.441211488104114,NCRB Crime in India 2014 (district-wise IPC) / Census 2011
Uttar Pradesh,Aligarh,3673889.0,34.78602646949867,77.32950015637381,12.901859582584015,NCRB Crime in India 2014 (district-wise IPC) / Census 2011
Uttar Pradesh,Allahabad,5954391.0,13.872115553043125,46.201198409711424,7.12079539284538,NCRB Crime in India 2014 (district-wise IPC) / Census 2011
Uttar Pradesh,Ambedkar Nagar,2397888.0,5.880174553607175,5.046107241038781,1.5013211626231082,NCRB Crime in India 2014 (district-wise IPC) / Census 2011
Uttar Pradesh,Auraiya,1379545.0,14.207582934953193,14.859971947272472,6.813840795334694,NCRB Crime in India 2014 (district-wise IPC) / Census 2011
Uttar Pradesh,Azamgarh,4613913.0,9.55804758347199,13.06916710393109,3.1209951292969764,NCRB Crime in India 2014 (district-wise IPC) / Census 2011
Uttar Pradesh,Baghpat,1303048.0,28.471706337755784,31.54143208845722,10.053351833547191,NCRB Crime in India 2014 (district-wise IPC) / Census 2011
Uttar Pradesh,Bahraich,3487731.0,10.665960190163748,10.207209214242727,3.2399287674422137,NCRB Crime in India 2014 (district-wise IPC) / Census 2011
Uttar Pradesh,Ballia,3239774.0,7.099260627438828,12.192208468862335,3.14836775651635,NCRB Crime in India 2014 (district-wise IPC) / Census 2011
Uttar Pradesh,Balrampur,2148665.0,6.143349475139214,4.467890527373974,2.233945263686987,NCRB Crime in India 2014 (district-wise IPC) / Census 2011
Uttar Pradesh,Banda,1799410.0,19.33967244819135,19.5063937623999,14.949344507366304,NCRB Crime in India 2014 (district-wise IPC) / Census 2011
Uttar Pradesh,Bareilly,4448359.0,18.45624420151341,25.110383402059053,7.598307600623062,NCRB Crime in India 2014 (district-wise IPC) / Census 2011
Uttar Pradesh,Basti,2464464.0,4.869212940420311,4.869212940420311,1.7042245291471085,NCRB Crime in India 2014 (district-wise IPC) / Census 2011
Uttar Pradesh,Bijnor,3682713.0,12.870945957504698,15.939336027542739,8.173322221959735,NCRB Crime in India 2014 (district-wise IPC) / Census 2011
Uttar Pradesh,Bulandshahar,3499171.0,25.434595794260986,30.92160971841616,10.602511280529017,NCRB Crime in India 2014 (district-wise IPC) / Census 2011
Uttar Pradesh,Chandoli,1952756.0,8.44959636534211,12.034273611244826,6.247580342859015,NCRB Crime in India 2014 (district-wise IPC) / Census 2011
Uttar Pradesh,Chitrakoot,991730.0,11.99923366238795,15.024250552065583,7.965877809484437,NCRB Crime in India 2014 (district-wise IPC) / Census 2011
Uttar Pradesh,Deoria,3100946.0,8.09430412525726,8.062055901650657,3.515056373119687,NCRB Crime in India 2014 (district-wise IPC) / Census 2011
Uttar Pradesh,Etah,1774480.0,28.008205220684367,29.75519588837293,9.86204409179027,NCRB Crime in India 2014 (district-wise IPC) / Census 2011
Uttar Pradesh,Etawah,1581810.0,27.37370480651911,43.24160297380848,7.017277675574184,NCRB Crime in India 2014 (district-wise IPC) / Census 2011
Uttar Pradesh,Faizabad,2470996.0,9.915030214536971,16.147334920817357,5.180097418207071,NCRB Crime in India 2014 (district-wise IPC) / Census 2011
Uttar Pradesh,Fatehgarh,2632733.0,12.154669691153641,11.319036149886829,2.2410172243064523,NCRB Crime in India 2014 (district-wise IPC) / Census 2011
Uttar Pradesh,Fatehpur,2632733.0,11.54693620659596,11.8508029488748,6.647084987349648,NCRB Crime in India 2014 (district-wise IPC) / Census 2011
Uttar Pradesh,Firozabad,2498156.0,29.90205575632587,35.66630746838869,8.005905155642802,NCRB Crime in India 2014 (district-wise IPC) / Census 2011
Uttar Pradesh,Gautambudh Nagar,1648115.0,42.89749198326573,249.31512667501966,14.016012232156129,NCRB Crime in India 2014 (district-wise IPC) / Census 2011
Uttar Pradesh,Ghaziabad,4681645.0,21.616333575057485,79.37380984675258,8.65080543270581,NCRB Crime in India 2014 (district-wise IPC) / Census 2011
Uttar Pradesh,Ghazipur,3620268.0,8.977235939438737,10.303104632032767,2.5688705919009314,NCRB Crime in India 2014 (district-wise IPC) / Census 2011
Uttar Pradesh,Gonda,3433919.0,8.416040098790914,7.950100162525675,2.853882109624601,NCRB Crime in India 2014 (district-wise IPC) / Census 2011
Uttar Pradesh,Gorakhpur,4440895.0,16.05532218167734,25.287695385727428,5.044028287090778,NCRB Crime in India 2014 (district-wise IPC) / Census 2011
Uttar Pradesh,Hamirpur,1104285.0,15.485132914057512,11.772323267996939,11.500654269504702,NCRB Crime in India 2014 (district-wise IPC) / Census 2011
Uttar Pradesh,Hardoi,4092845.0,8.869136260962728,8.18501555763778,3.2740062230551117,NCRB Crime in India 2014 (district-wise IPC) / Census 2011
Uttar Pradesh,Jalaun,1689974.0,9.290083752767794,10.000153848520746,3.3136604468471114,NCRB Crime in India 2014 (district-wise IPC) / Census 2011
Uttar Pradesh,Jaunpur,4494204.0,8.032568170025215,10.035147492192166,2.5366004747448048,NCRB Crime in India 2014 (district-wise IPC) / Census 2011
Uttar Pradesh,Jhansi,1998603.0,13.959750885993865,19.1133506754468,5.804054131811069,NCRB Crime in India 2014 (district-wise IPC) / Census 2011
Uttar Pradesh,Kannauj,1656616.0,12.133167855435419,10.805159433447463,7.2436823017524885,NCRB Crime in India 2014 (district-wise IPC) / Census 2011
Uttar Pradesh,Kanpur Dehat,1796184.0,15.36590906054168,9.297488453298772,6.4024621085590345,NCRB Crime in India 2014 (district-wise IPC) / Census 2011
Uttar Pradesh,Kanpur Nagar,4581268.0,19.38327991289748,42.018934495864464,7.552494200295638,NCRB Crime in India 2014 (district-wise IPC) / Census 2011
Uttar Pradesh,Kaushambi,1599596.0,10.627683490081244,13.941020107577165,8.439631006829224,NCRB Crime in India 2014 (district-wise IPC) / Census 2011
Uttar Pradesh,Kushi Nagar,3564544.0,6.115789284688308,5.133896509623671,2.1040559465670783,NCRB Crime in India 2014 (district-wise IPC) / Census 2011
Uttar Pradesh,Lalitpur,1221592.0,8.84092233740889,7.039993713121894,5.239065088834898,NCRB Crime in India 2014 (district-wise IPC) / Census 2011
Uttar Pradesh,Lucknow,4589838.0,16.18793517331113,84.42563768045844,10.087501998981228,NCRB Crime in India 2014 (district-wise IPC) / Census 2011
Uttar Pradesh,Mahoba,875958.0,17.694912313147434,12.44351898150368,9.817822315681802,NCRB Crime in India 2014 (district-wise IPC) / Census 2011
Uttar Pradesh,Mainpuri,1868529.0,20.122781075380686,30.344725717395875,4.977177234070223,NCRB Crime in India 2014 (district-wise IPC) / Census 2011
Uttar Pradesh,Mathura,2547184.0,23.39838818083028,53.3137770965898,7.419958668082085,NCRB Crime in India 2014 (district-wise IPC) / Census 2011
Uttar Pradesh,Mau,2205968.0,10.426261849673251,14.324777149985856,3.626525860755913,NCRB Crime in India 2014 (district-wise IPC) / Census 2011
Uttar Pradesh,Meerut,3443689.0,41.35100469293249,121.09107413590483,14.66450658000766,NCRB Crime in India 2014 (district-wise IPC) / Census 2011
Uttar Pradesh,Mirzapur,2496970.0,2.6031550238889536,2.7633491792051967,1.1614076260427637,NCRB Crime in India 2014 (district-wise IPC) / Census 2011
Uttar Pradesh,Moradabad,4772006.0,11.064529256669,20.410703590900766,5.909464489357306,NCRB Crime in India 2014 (district-wise IPC) / Census 2011
Uttar Pradesh,Muzaffarnagar,4143512.0,16.19399195658176,22.468862163304944,4.899225584480026,NCRB Crime in India 2014 (district-wise IPC) / Census 2011
Uttar Pradesh,Pilibhit,2031007.0,15.854204342968783,13.835501305510023,9.207255317189947,NCRB Crime in India 2014 (district-wise IPC) / Census 2011
Uttar Pradesh,Pratapgarh,3209141.0,18.166855242571145,20.036514444207967,7.35399285977151,NCRB Crime in India 2014 (district-wise IPC) / Census 2011
Uttar Pradesh,Raibareilly,4448359.0,6.137094600503242,6.564218400538266,2.6526636002175183,NCRB Crime in India 2014 (district-wise IPC) / Census 2011
Uttar Pradesh,Rampur,2335819.0,12.629403220026894,18.066468335089322,3.767415197838531,NCRB Crime in India 2014 (district-wise IPC) / Census 2011
Uttar Pradesh,Saharanpur,3466382.0,18.664994221640892,29.108159458478607,7.154433642916446,NCRB Crime in India 2014 (district-wise IPC) / Census 2011
Uttar Pradesh,Sant Kabirnagar,1715183.0,6.0634929334071055,5.363859133398594,2.7985352000340487,NCRB Crime in India 2014 (district-wise IPC) / Census 2011
Uttar Pradesh,Shahjahanpur,3006538.0,19.3910737200062,13.370860438151789,8.84738526504571,NCRB Crime in India 2014 (district-wise IPC) / Census 2011
Uttar Pradesh,Shrawasti,1117361.0,6.712244297053504,7.965196565836825,3.2218772625856817,NCRB Crime in India 2014 (district-wise IPC) / Census 2011
Uttar Pradesh,Sitapur,4483992.0,10.437128344564398,11.329190596236568,5.285468841157612,NCRB Crime in India 2014 (district-wise IPC) / Census 2011
Uttar Pradesh,Sonbhadra,1862559.0,4.509924249379483,5.744784460519103,2.7918578686634894,NCRB Crime in India 2014 (district-wise IPC) / Census 2011
Uttar Pradesh,Sultanpur,3797117.0,9.401869892342006,13.325899623319481,3.054949320760988,NCRB Crime in India 2014 (district-wise IPC) / Census 2011
Uttar Pradesh,Unnao,3108367.0,15.796075559932273,14.798767327024127,9.876568629122623,NCRB Crime in India 2014 (district-wise IPC) / Census 2011
Uttar Pradesh,Varanasi,3676841.0,9.872605315269276,23.879194123433674,6.282567018807722,NCRB Crime in India 2014 (district-wise IPC) / Census 2011
Uttarakhand,Almora,622506.0,8.513974162498032,2.5702563509428025,1.9276922632071016,NCRB Crime in India 2014 (district-wise IPC) / Census 2011
Uttarakhand,Bageshwar,259898.0,3.462896982662429,4.232429645476302,2.693364319848556,NCRB Crime in India 2014 (district-wise IPC) / Census 2011
Uttarakhand,Chamoli,391605.0,4.341109025676383,4.085749671224831,3.575030962321727,NCRB Crime in India 2014 (district-wise IPC) / Census 2011
Uttarakhand,Champawat,259648.0,3.851368005915701,2.695957604140991,5.006778407690412,NCRB Crime in India 2014 (district-wise IPC) / Census 2011
Uttarakhand,Dehradun,1696694.0,12.67170155608495,34.3020014215881,8.310278694920829,NCRB Crime in India 2014 (district-wise IPC) / Census 2011
Uttarakhand,Nainital,954605.0,25.979331765494628,20.636807894364686,7.856652751661682,NCRB Crime in India 2014 (district-wise IPC) / Census 2011
Uttarakhand,Pauri Garhwal,687271.0,11.640240894785318,7.275150559240824,3.3465692572507786,NCRB Crime in India 2014 (district-wise IPC) / Census 2011
Uttarakhand,Pithoragarh,483439.0,5.584985903081878,4.137026594875465,3.5164726056441453,NCRB Crime in India 2014 (district-wise IPC) / Census 2011
Uttarakhand,Rudra Prayag,242285.0,7.01653011948738,10.318426646304971,5.3655818560785855,NCRB Crime in India 2014 (district-wise IPC) / Census 2011
Uttarakhand,Tehri Garhwal,618931.0,4.685498060365372,3.8776535671989287,1.130982290433021,NCRB Crime in India 2014 (district-wise IPC) / Census 2011
Uttarakhand,Udhamsingh Nagar,1648902.0,15.464836600355872,33.47682275841742,7.9446807633200764,NCRB Crime in India 2014 (district-wise IPC) / Census 2011
Uttarakhand,Uttarkashi,330086.0,8.179686505940877,5.150172985222032,5.150172985222032,NCRB Crime in India 2014 (district-wise IPC) / Census 2011
West Bengal,Bankura,3596674.0,10.231675153210993,7.896184085630224,6.283583110395883,NCRB Crime in India 2014 (district-wise IPC) / Census 2011
West Bengal,Birbhum,3502404.0,16.245984186861367,12.59135154025635,6.595469854419993,NCRB Crime in India 2014 (district-wise IPC) / Census 2011
West Bengal,Dakshin Dinajpur,1676276.0,28.455934464252902,12.289145701543182,9.485311488084301,NCRB Crime in India 2014 (district-wise IPC) / Census 2011
West Bengal,Howrah Rural,4850029.0,0.639171435882136,5.979345690510304,0.32989493464884434,NCRB Crime in India 2014 (district-wise IPC) / Census 2011
West Bengal,Howrah G. R. P.,4850029.0,12.309204749085007,6.494806525899123,5.87625352343254,NCRB Crime in India 2014 (district-wise IPC) / Census 2011
West Bengal,Howrah PC,4850029.0,7.154596395196813,23.99985649570343,8.144281199143345,NCRB Crime in India 2014 (district-wise IPC) / Census 2011
West Bengal,Hooghly,5519145.0,11.813423999550654,20.075573299849886,7.265618134692963,NCRB Crime in India 2014 (district-wise IPC) / Census 2011
West Bengal,Jalpaiguri,3872846.0,12.213240598774131,20.114406821236887,10.32832185942844,NCRB Crime in India 2014 (district-wise IPC) / Census 2011
West Bengal,Kolkata,4496694.0,17.768609560712825,105.0104810333992,22.86123983531012,NCRB Crime in India 2014 (district-wise IPC) / Census 2011
West Bengal,Malda,3988845.0,34.922389814595455,11.58230013951407,18.35117684442489,NCRB Crime in India 2014 (district-wise IPC) / Census 2011
West Bengal,Murshidabad,7103807.0,49.24120263965504,13.640573286971339,18.891279000119233,NCRB Crime in India 2014 (district-wise IPC) / Census 2011
West Bengal,Nadia,5167600.0,29.820419537115875,20.493072219212014,12.307454137317128,NCRB Crime in India 2014 (district-wise IPC) / Census 2011
West Bengal,North 24 Parganas,10009781.0,18.3520498600319,13.976329751869695,7.033120904443363,NCRB Crime in India 2014 (district-wise IPC) / Census 2011
West Bengal,Paschim Medinipur,5913457.0,12.124887354385091,13.494644503206837,11.9557815335429,NCRB Crime in India 2014 (district-wise IPC) / Census 2011
West Bengal,Purulia,2930115.0,9.590067284048578,7.201082551367438,8.19080479776391,NCRB Crime in India 2014 (district-wise IPC) / Census 2011
West Bengal,South 24 Parganas,8161961.0,20.75481615263783,20.8405798557479,9.911833688007086,NCRB Crime in India 2014 (district-wise IPC) / Census 2011
West Bengal,Uttar Dinajpur,3007134.0,34.75069617782247,26.20435271590824,16.22807630122236,NCRB Crime in India 2014 (district-wise IPC) / Census 2011
Dadra and Nagar Haveli and Daman and Diu,Dadra and Nagar Haveli and Daman and Diu,343709.0,7.564538606786556,16.001908591279253,2.3275503405497093,NCRB Crime in India 2014 (district-wise IPC) / Census 2011
