lat,lon,name,kind,state,source
22.7979889,86.1844592,,police,Jharkhand,osm_cache:Adityapur
22.7826968,86.1847328,,police,Jharkhand,osm_cache:Adityapur
22.8193298,86.2116648,,police,Jharkhand,osm_cache:Adityapur
22.7669536,86.2016502,,police,Jharkhand,osm_cache:Adityapur
22.7986115,86.1722695,,police,Jharkhand,osm_cache:Adityapur
22.7682275,86.2004702,,police,Jharkhand,osm_cache:Adityapur
23.022886,72.5716416,,police,Gujarat,osm_cache:Ahmedabad
23.0804289,72.620522,,police,Gujarat,osm_cache:Ahmedabad
23.0280667,72.5938493,,police,Gujarat,osm_cache:Ahmedabad
23.0245097,72.5820394,,police,Gujarat,osm_cache:Ahmedabad
23.0869563,72.5290719,,police,Gujarat,osm_cache:Ahmedabad
22.9718545,72.6275,,police,Gujarat,osm_cache:Ahmedabad
23.0347446,72.5405988,,police,Gujarat,osm_cache:Ahmedabad
23.0805194,72.5785719,,police,Gujarat,osm_cache:Ahmedabad
23.0806075,72.5779962,,police,Gujarat,osm_cache:Ahmedabad
23.0467062,72.5530175,,police,Gujarat,osm_cache:Ahmedabad
23.0065133,72.5563695,,police,Gujarat,osm_cache:Ahmedabad
23.0232072,72.5889135,,police,Gujarat,osm_cache:Ahmedabad
23.0852665,72.5916232,,police,Gujarat,osm_cache:Ahmedabad
22.9967189,72.5371847,,police,Gujarat,osm_cache:Ahmedabad
23.0634699,72.5662069,,police,Gujarat,osm_cache:Ahmedabad
23.0276929,72.5109956,,police,Gujarat,osm_cache:Ahmedabad
23.0306493,72.5841315,,police,Gujarat,osm_cache:Ahmedabad
23.0491783,72.5232653,,police,Gujarat,osm_cache:Ahmedabad
23.0214014,72.6228096,,police,Gujarat,osm_cache:Ahmedabad
23.0350089,72.5672227,,police,Gujarat,osm_cache:Ahmedabad
22.9984499,72.6023295,,police,Gujarat,osm_cache:Ahmedabad
23.0016625,72.61969,,police,Gujarat,osm_cache:Ahmedabad
22.9990162,72.581254,,police,Gujarat,osm_cache:Ahmedabad
23.0210113,72.612271,,police,Gujarat,osm_cache:Ahmedabad
23.0324357,72.6313565,,police,Gujarat,osm_cache:Ahmedabad
22.9577075,72.6117235,,police,Gujarat,osm_cache:Ahmedabad
23.0497846,72.5888869,,police,Gujarat,osm_cache:Ahmedabad
23.0307558,72.5842961,,police,Gujarat,osm_cache:Ahmedabad
23.0041013,72.5226624,,police,Gujarat,osm_cache:Ahmedabad
23.0291819,72.5414129,,police,Gujarat,osm_cache:Ahmedabad
13.0181973,77.5581675,,police,Karnataka,osm_cache:Bangalore
12.9285653,77.5813657,,police,Karnataka,osm_cache:Bangalore
12.9762399,77.5983458,,police,Karnataka,osm_cache:Bangalore
12.9966811,77.5696708,,police,Karnataka,osm_cache:Bangalore
12.839963,77.6631389,,police,Karnataka,osm_cache:Bangalore
13.0486481,77.5495673,,police,Karnataka,osm_cache:Bangalore
12.9695368,77.5877623,,police,Karnataka,osm_cache:Bangalore
12.928367,77.5905691,,police,Karnataka,osm_cache:Bangalore
12.983019,77.6384106,,police,Karnataka,osm_cache:Bangalore
12.9677712,77.6556937,,police,Karnataka,osm_cache:Bangalore
12.9086369,77.6105652,,police,Karnataka,osm_cache:Bangalore
12.935917,77.5439681,,police,Karnataka,osm_cache:Bangalore
13.0335598,77.5758979,,police,Karnataka,osm_cache:Bangalore
12.9881279,77.5744324,,police,Karnataka,osm_cache:Bangalore
12.9945063,77.554298,,police,Karnataka,osm_cache:Bangalore
13.0386192,77.5896244,,police,Karnataka,osm_cache:Bangalore
13.0015732,77.578628,,police,Karnataka,osm_cache:Bangalore
12.9363435,77.5615008,,police,Karnataka,osm_cache:Bangalore
12.9825702,77.6070982,,police,Karnataka,osm_cache:Bangalore
12.9733449,77.5414869,,police,Karnataka,osm_cache:Bangalore
12.967409,77.6559012,,police,Karnataka,osm_cache:Bangalore
12.9707264,77.5377251,,police,Karnataka,osm_cache:Bangalore
12.9604765,77.5643202,,police,Karnataka,osm_cache:Bangalore
12.9538729,77.570101,,police,Karnataka,osm_cache:Bangalore
13.0360107,77.5211853,,police,Karnataka,osm_cache:Bangalore
12.9680925,77.5700945,,police,Karnataka,osm_cache:Bangalore
12.9292268,77.5678506,,police,Karnataka,osm_cache:Bangalore
12.929436,77.5678479,,police,Karnataka,osm_cache:Bangalore
12.9235553,77.5533335,,police,Karnataka,osm_cache:Bangalore
12.9744861,77.5512501,,police,Karnataka,osm_cache:Bangalore
12.9649402,77.5761878,,police,Karnataka,osm_cache:Bangalore
12.87667,77.6000418,,police,Karnataka,osm_cache:Bangalore
12.9707012,77.5736393,,police,Karnataka,osm_cache:Bangalore
13.0124684,77.5368288,,police,Karnataka,osm_cache:Bangalore
12.9229116,77.5650055,,police,Karnataka,osm_cache:Bangalore
13.0621975,77.5741087,,police,Karnataka,osm_cache:Bangalore
13.0237703,77.6457711,,police,Karnataka,osm_cache:Bangalore
12.9632542,77.5920638,,police,Karnataka,osm_cache:Bangalore
12.978243,77.6404269,,police,Karnataka,osm_cache:Bangalore
12.9691307,77.6168652,,police,Karnataka,osm_cache:Bangalore
12.9773726,77.5884362,,police,Karnataka,osm_cache:Bangalore
12.9568555,77.7011085,,police,Karnataka,osm_cache:Bangalore
12.9643591,77.5551587,,police,Karnataka,osm_cache:Bangalore
12.9680176,77.5787039,,police,Karnataka,osm_cache:Bangalore
12.8565752,77.5889783,,police,Karnataka,osm_cache:Bangalore
12.9301326,77.5606044,,police,Karnataka,osm_cache:Bangalore
12.9217846,77.6616311,,police,Karnataka,osm_cache:Bangalore
12.8394292,77.661459,,police,Karnataka,osm_cache:Bangalore
12.9588013,77.6675094,,police,Karnataka,osm_cache:Bangalore
12.9744833,77.5748342,,police,Karnataka,osm_cache:Bangalore
12.9724461,77.5386676,,police,Karnataka,osm_cache:Bangalore
12.8689461,77.5362854,,police,Karnataka,osm_cache:Bangalore
12.9081741,77.6368327,,police,Karnataka,osm_cache:Bangalore
12.9848902,77.5828907,,police,Karnataka,osm_cache:Bangalore
13.0057165,77.5934124,,police,Karnataka,osm_cache:Bangalore
13.0041876,77.6659393,,police,Karnataka,osm_cache:Bangalore
12.9965632,77.6425776,,police,Karnataka,osm_cache:Bangalore
12.9406149,77.5949214,,police,Karnataka,osm_cache:Bangalore
12.9132041,77.6009835,,police,Karnataka,osm_cache:Bangalore
12.9589313,77.5283822,,police,Karnataka,osm_cache:Bangalore
12.9964893,77.6935636,,police,Karnataka,osm_cache:Bangalore
12.9964748,77.6936783,,police,Karnataka,osm_cache:Bangalore
12.9760045,77.5981119,,police,Karnataka,osm_cache:Bangalore
13.0424185,77.5893069,,police,Karnataka,osm_cache:Bangalore
12.8715628,77.5760581,,police,Karnataka,osm_cache:Bangalore
12.9903748,77.5929507,,police,Karnataka,osm_cache:Bangalore
12.9388722,77.5923803,,police,Karnataka,osm_cache:Bangalore
12.9601303,77.5720622,,police,Karnataka,osm_cache:Bangalore
12.9665425,77.5870156,,police,Karnataka,osm_cache:Bangalore
12.9814206,77.5855355,,police,Karnataka,osm_cache:Bangalore
12.9900504,77.5649365,,police,Karnataka,osm_cache:Bangalore
12.9762185,77.5982315,,police,Karnataka,osm_cache:Bangalore
12.9779226,77.6010276,,police,Karnataka,osm_cache:Bangalore
13.0569304,77.5985304,,police,Karnataka,osm_cache:Bangalore
12.955069,77.6828084,,police,Karnataka,osm_cache:Bangalore
12.9118515,77.5875409,,police,Karnataka,osm_cache:Bangalore
12.9609483,77.5831297,,police,Karnataka,osm_cache:Bangalore
12.9210124,77.6206703,,police,Karnataka,osm_cache:Bangalore
12.908585,77.6106985,,police,Karnataka,osm_cache:Bangalore
12.9747811,77.6252778,,police,Karnataka,osm_cache:Bangalore
12.9716319,77.6102037,,police,Karnataka,osm_cache:Bangalore
13.0555139,77.6463263,,police,Karnataka,osm_cache:Bangalore
12.9201775,77.6513034,,police,Karnataka,osm_cache:Bangalore
12.9190149,77.6679644,,police,Karnataka,osm_cache:Bangalore
12.8766721,77.6000885,,police,Karnataka,osm_cache:Bangalore
13.0149658,77.5724873,,police,Karnataka,osm_cache:Bangalore
12.9900595,77.5927243,,police,Karnataka,osm_cache:Bangalore
13.0028414,77.547416,,police,Karnataka,osm_cache:Bangalore
12.9840887,77.5947229,,police,Karnataka,osm_cache:Bangalore
12.9844786,77.5946399,,police,Karnataka,osm_cache:Bangalore
13.0333764,77.5886106,,police,Karnataka,osm_cache:Bangalore
13.0086326,77.6932057,,police,Karnataka,osm_cache:Bangalore
12.9745187,77.5749342,,police,Karnataka,osm_cache:Bangalore
12.885446,77.671825,,police,Karnataka,osm_cache:Bangalore
12.9695587,77.587855,,police,Karnataka,osm_cache:Bangalore
12.9802646,77.5815071,,police,Karnataka,osm_cache:Bangalore
12.9415666,77.6087598,,police,Karnataka,osm_cache:Bangalore
12.9392272,77.6101711,,police,Karnataka,osm_cache:Bangalore
13.0178863,77.5584179,,police,Karnataka,osm_cache:Bangalore
12.9895821,77.5920271,,police,Karnataka,osm_cache:Bangalore
12.9410977,77.6214106,,police,Karnataka,osm_cache:Bangalore
12.9993467,77.619613,,police,Karnataka,osm_cache:Bangalore
12.99461,77.5543664,,police,Karnataka,osm_cache:Bangalore
12.9847727,77.5829241,,police,Karnataka,osm_cache:Bangalore
12.9050939,77.5629547,,police,Karnataka,osm_cache:Bangalore
12.9518683,77.622351,,police,Karnataka,osm_cache:Bangalore
12.9879685,77.6035505,,police,Karnataka,osm_cache:Bangalore
12.8838351,77.5663627,,police,Karnataka,osm_cache:Bangalore
12.9455492,77.6979473,,police,Karnataka,osm_cache:Bangalore
13.0114152,77.6130934,,police,Karnataka,osm_cache:Bangalore
12.9654109,77.5100015,,police,Karnataka,osm_cache:Bangalore
12.9606478,77.5408201,,police,Karnataka,osm_cache:Bangalore
12.9501836,77.5961204,,police,Karnataka,osm_cache:Bangalore
12.9421865,77.5743328,,police,Karnataka,osm_cache:Bangalore
13.0706327,77.6363671,,police,Karnataka,osm_cache:Bangalore
12.9968133,77.6928379,,police,Karnataka,osm_cache:Bangalore
12.9917352,77.6573426,,police,Karnataka,osm_cache:Bangalore
13.0196732,77.6401561,,police,Karnataka,osm_cache:Bangalore
13.0033745,77.5537585,,police,Karnataka,osm_cache:Bangalore
12.9911983,77.6120845,,police,Karnataka,osm_cache:Bangalore
13.0246853,77.5931961,,police,Karnataka,osm_cache:Bangalore
13.0198144,77.619254,,police,Karnataka,osm_cache:Bangalore
13.0194119,77.6192385,,police,Karnataka,osm_cache:Bangalore
12.9128125,77.520516,,police,Karnataka,osm_cache:Bangalore
13.0078716,77.6938172,,police,Karnataka,osm_cache:Bangalore
12.9854169,77.5426024,,police,Karnataka,osm_cache:Bangalore
30.7451963,76.7264111,,police,Chandigarh,osm_cache:Chandigarh
30.7394399,76.7162063,,police,Punjab,osm_cache:Chandigarh
30.6942606,76.7279733,,police,Punjab,osm_cache:Chandigarh
30.6801621,76.8479049,,police,Haryana,osm_cache:Chandigarh
30.7035222,76.8194157,,police,Chandigarh,osm_cache:Chandigarh
30.7008456,76.7789014,,police,Chandigarh,osm_cache:Chandigarh
30.7121019,76.7963637,,police,Chandigarh,osm_cache:Chandigarh
30.7389017,76.7785844,,police,Chandigarh,osm_cache:Chandigarh
30.6731718,76.8804085,,police,Haryana,osm_cache:Chandigarh
30.7104081,76.8454138,,police,Haryana,osm_cache:Chandigarh
30.7200608,76.7642758,,police,Chandigarh,osm_cache:Chandigarh
30.6578048,76.8859008,,police,Haryana,osm_cache:Chandigarh
30.6937421,76.8521671,,police,Haryana,osm_cache:Chandigarh
30.6913458,76.883743,,police,Haryana,osm_cache:Chandigarh
30.6937548,76.8708233,,police,Haryana,osm_cache:Chandigarh
30.676549,76.8634792,,police,Haryana,osm_cache:Chandigarh
30.7008825,76.8682682,,police,Haryana,osm_cache:Chandigarh
13.0349573,80.22946,,police,Tamil Nadu,osm_cache:Chennai
13.0520106,80.2637348,,police,Tamil Nadu,osm_cache:Chennai
13.0596173,80.2427681,,police,Tamil Nadu,osm_cache:Chennai
12.9893957,80.2019683,,police,Tamil Nadu,osm_cache:Chennai
13.048651,80.2494881,,police,Tamil Nadu,osm_cache:Chennai
12.997814,80.2557176,,police,Tamil Nadu,osm_cache:Chennai
12.9814685,80.192063,,police,Tamil Nadu,osm_cache:Chennai
13.0818276,80.2755071,,police,Tamil Nadu,osm_cache:Chennai
13.0830613,80.2732996,,police,Tamil Nadu,osm_cache:Chennai
12.9991212,80.200262,,police,Tamil Nadu,osm_cache:Chennai
13.0696407,80.2004587,,police,Tamil Nadu,osm_cache:Chennai
13.0100865,80.1990931,,police,Tamil Nadu,osm_cache:Chennai
13.0341993,80.1602489,,police,Tamil Nadu,osm_cache:Chennai
13.0415108,80.2054415,,police,Tamil Nadu,osm_cache:Chennai
13.1345408,80.2974596,,police,Tamil Nadu,osm_cache:Chennai
13.0491123,80.1992562,,police,Tamil Nadu,osm_cache:Chennai
13.03694,80.2674177,,police,Tamil Nadu,osm_cache:Chennai
13.0737484,80.1923421,,police,Tamil Nadu,osm_cache:Chennai
13.0656907,80.1935705,,police,Tamil Nadu,osm_cache:Chennai
12.9850126,80.2208713,,police,Tamil Nadu,osm_cache:Chennai
13.0447322,80.1862162,,police,Tamil Nadu,osm_cache:Chennai
13.0749088,80.2725042,,police,Tamil Nadu,osm_cache:Chennai
12.9692797,80.1257959,,police,Tamil Nadu,osm_cache:Chennai
13.049673,80.2117315,,police,Tamil Nadu,osm_cache:Chennai
13.0317737,80.1790069,,police,Tamil Nadu,osm_cache:Chennai
12.9651635,80.2060352,,police,Tamil Nadu,osm_cache:Chennai
13.1244932,80.2771688,,police,Tamil Nadu,osm_cache:Chennai
13.0343074,80.1601292,,police,Tamil Nadu,osm_cache:Chennai
13.0576855,80.2041548,,police,Tamil Nadu,osm_cache:Chennai
13.0006116,80.2659307,,police,Tamil Nadu,osm_cache:Chennai
13.1291456,80.1073794,,police,Tamil Nadu,osm_cache:Chennai
13.0687012,80.2046669,,police,Tamil Nadu,osm_cache:Chennai
12.947613,80.2416251,,police,Tamil Nadu,osm_cache:Chennai
12.9559858,80.1853072,,police,Tamil Nadu,osm_cache:Chennai
13.0229741,80.1999165,,police,Tamil Nadu,osm_cache:Chennai
13.0207162,80.1663239,,police,Tamil Nadu,osm_cache:Chennai
12.9874599,80.2559315,,police,Tamil Nadu,osm_cache:Chennai
13.0706907,80.2421194,,police,Tamil Nadu,osm_cache:Chennai
13.0283677,80.2163105,,police,Tamil Nadu,osm_cache:Chennai
13.0874523,80.2458786,,police,Tamil Nadu,osm_cache:Chennai
12.9254171,80.1128984,,police,Tamil Nadu,osm_cache:Chennai
13.0876952,80.1878894,,police,Tamil Nadu,osm_cache:Chennai
13.0699263,80.2714181,,police,Tamil Nadu,osm_cache:Chennai
13.0149758,80.1816427,,police,Tamil Nadu,osm_cache:Chennai
13.0341367,80.2664405,,police,Tamil Nadu,osm_cache:Chennai
12.9931857,80.2674928,,police,Tamil Nadu,osm_cache:Chennai
13.1188229,80.2974617,,police,,osm_cache:Chennai
13.0757377,80.2775929,,police,Tamil Nadu,osm_cache:Chennai
12.9738305,80.186835,,police,Tamil Nadu,osm_cache:Chennai
13.0310886,80.2017034,,police,Tamil Nadu,osm_cache:Chennai
13.026501,80.2116238,,police,Tamil Nadu,osm_cache:Chennai
13.0504496,80.1828617,,police,Tamil Nadu,osm_cache:Chennai
12.9809435,80.2209233,,police,Tamil Nadu,osm_cache:Chennai
13.0414828,80.1331364,,police,Tamil Nadu,osm_cache:Chennai
13.0352881,80.114521,,police,Tamil Nadu,osm_cache:Chennai
13.0848694,80.2182466,,police,Tamil Nadu,osm_cache:Chennai
13.0125062,80.2272456,,police,Tamil Nadu,osm_cache:Chennai
12.9339134,80.1295679,,police,Tamil Nadu,osm_cache:Chennai
13.093795,80.2409682,,police,Tamil Nadu,osm_cache:Chennai
13.0571823,80.1995238,,police,Tamil Nadu,osm_cache:Chennai
13.0412543,80.2503552,,police,Tamil Nadu,osm_cache:Chennai
13.0359873,80.2701421,,police,Tamil Nadu,osm_cache:Chennai
13.0831121,80.2709138,,police,Tamil Nadu,osm_cache:Chennai
13.0590491,80.2706569,,police,Tamil Nadu,osm_cache:Chennai
13.0347642,80.2294897,,police,Tamil Nadu,osm_cache:Chennai
13.0864715,80.2853702,,police,Tamil Nadu,osm_cache:Chennai
13.0598386,80.2547972,,police,Tamil Nadu,osm_cache:Chennai
13.1231943,80.2873206,,police,Tamil Nadu,osm_cache:Chennai
13.1000303,80.2601445,,police,Tamil Nadu,osm_cache:Chennai
13.1113985,80.2263784,,police,Tamil Nadu,osm_cache:Chennai
13.0934393,80.2434556,,police,Tamil Nadu,osm_cache:Chennai
13.0672549,80.2736489,,police,Tamil Nadu,osm_cache:Chennai
13.0925447,80.21797,,police,Tamil Nadu,osm_cache:Chennai
13.0440809,80.2173045,,police,Tamil Nadu,osm_cache:Chennai
13.0332562,80.2559671,,police,Tamil Nadu,osm_cache:Chennai
13.0750725,80.257014,,police,Tamil Nadu,osm_cache:Chennai
12.9229459,80.1352359,,police,Tamil Nadu,osm_cache:Chennai
13.0224076,80.226078,,police,Tamil Nadu,osm_cache:Chennai
13.0245553,80.2748155,,police,Tamil Nadu,osm_cache:Chennai
12.9845863,80.2611458,,police,Tamil Nadu,osm_cache:Chennai
13.1073143,80.1525569,,police,Tamil Nadu,osm_cache:Chennai
13.0093531,80.2106918,,police,Tamil Nadu,osm_cache:Chennai
13.0899215,80.2904578,,police,Tamil Nadu,osm_cache:Chennai
13.0988879,80.2816945,,police,Tamil Nadu,osm_cache:Chennai
13.0940347,80.2854602,,police,Tamil Nadu,osm_cache:Chennai
13.0884077,80.2817032,,police,Tamil Nadu,osm_cache:Chennai
13.0883718,80.2823944,,police,Tamil Nadu,osm_cache:Chennai
13.1086614,80.2809199,,police,Tamil Nadu,osm_cache:Chennai
13.1003326,80.2515633,,police,Tamil Nadu,osm_cache:Chennai
13.0313112,80.2398324,,police,Tamil Nadu,osm_cache:Chennai
13.0300516,80.2432354,,police,Tamil Nadu,osm_cache:Chennai
13.0926307,80.2750124,,police,Tamil Nadu,osm_cache:Chennai
13.0686386,80.2620582,,police,Tamil Nadu,osm_cache:Chennai
13.0998376,80.2870248,,police,Tamil Nadu,osm_cache:Chennai
13.0391513,80.2793207,,police,Tamil Nadu,osm_cache:Chennai
13.0966217,80.2915125,,police,Tamil Nadu,osm_cache:Chennai
13.0725347,80.2520681,,police,Tamil Nadu,osm_cache:Chennai
13.061062,80.262232,,police,Tamil Nadu,osm_cache:Chennai
13.0225066,80.271388,,police,Tamil Nadu,osm_cache:Chennai
13.022806,80.2716339,,police,Tamil Nadu,osm_cache:Chennai
13.0007139,80.2712201,,police,Tamil Nadu,osm_cache:Chennai
13.0953439,80.2807237,,police,Tamil Nadu,osm_cache:Chennai
13.1306625,80.1587027,,police,Tamil Nadu,osm_cache:Chennai
12.9395399,80.1380005,,police,Tamil Nadu,osm_cache:Chennai
12.9715664,80.1485692,,police,Tamil Nadu,osm_cache:Chennai
13.0182243,80.1865645,,police,Tamil Nadu,osm_cache:Chennai
30.3250628,78.0540411,,police,Uttarakhand,osm_cache:Dehradun
30.3257766,78.0428731,,police,Uttarakhand,osm_cache:Dehradun
30.3301055,78.0503148,,police,Uttarakhand,osm_cache:Dehradun
30.3400573,78.0694594,,police,Uttarakhand,osm_cache:Dehradun
30.3631301,78.0683109,,police,Uttarakhand,osm_cache:Dehradun
30.3163106,78.0327381,,police,Uttarakhand,osm_cache:Dehradun
30.318171,78.0400032,,police,Uttarakhand,osm_cache:Dehradun
30.3525895,78.0244139,,police,Uttarakhand,osm_cache:Dehradun
16.2924294,80.453525,,police,Andhra Pradesh,osm_cache:Guntur
16.3039416,80.4377261,,police,Andhra Pradesh,osm_cache:Guntur
16.2025985,80.5245854,,police,Andhra Pradesh,osm_cache:Guntur
16.2976316,80.4272358,,police,Andhra Pradesh,osm_cache:Guntur
16.3052237,80.423819,,police,Andhra Pradesh,osm_cache:Guntur
16.2929791,80.4544831,,police,Andhra Pradesh,osm_cache:Guntur
16.2962745,80.4328012,,police,Andhra Pradesh,osm_cache:Guntur
16.3422684,80.4184129,,police,Andhra Pradesh,osm_cache:Guntur
16.3429918,80.418595,,police,Andhra Pradesh,osm_cache:Guntur
16.3429647,80.4189816,,police,Andhra Pradesh,osm_cache:Guntur
16.3426362,80.4184834,,police,Andhra Pradesh,osm_cache:Guntur
16.3426252,80.4188862,,police,Andhra Pradesh,osm_cache:Guntur
16.3422504,80.4187913,,police,Andhra Pradesh,osm_cache:Guntur
26.1899295,91.7519454,,police,Assam,osm_cache:Guwahati
26.1126488,91.7948727,,police,Assam,osm_cache:Guwahati
26.1166579,91.8314579,,police,Assam,osm_cache:Guwahati
26.1266082,91.7868419,,police,Assam,osm_cache:Guwahati
26.1428801,91.7548577,,police,Assam,osm_cache:Guwahati
26.1338779,91.7666261,,police,Assam,osm_cache:Guwahati
26.1728706,91.7633521,,police,Assam,osm_cache:Guwahati
26.1825586,91.7372664,,police,Assam,osm_cache:Guwahati
26.1900236,91.7519449,,police,Assam,osm_cache:Guwahati
17.4215275,78.5259566,,police,Telangana,osm_cache:Hyderabad
17.4398726,78.3960744,,police,Telangana,osm_cache:Hyderabad
17.4414291,78.4478427,,police,Telangana,osm_cache:Hyderabad
17.3671554,78.479458,,police,Telangana,osm_cache:Hyderabad
17.3655267,78.4999031,,police,Telangana,osm_cache:Hyderabad
17.3714465,78.4820816,,police,Telangana,osm_cache:Hyderabad
17.4076968,78.5133112,,police,Telangana,osm_cache:Hyderabad
17.4265322,78.5493729,,police,Telangana,osm_cache:Hyderabad
17.4110866,78.4646076,,police,Telangana,osm_cache:Hyderabad
17.4439607,78.4747838,,police,Telangana,osm_cache:Hyderabad
17.4618242,78.5004605,,police,Telangana,osm_cache:Hyderabad
17.4436297,78.4790905,,police,Telangana,osm_cache:Hyderabad
17.4223157,78.4649177,,police,Telangana,osm_cache:Hyderabad
17.4211388,78.4839215,,police,Telangana,osm_cache:Hyderabad
17.4361643,78.4884749,,police,Telangana,osm_cache:Hyderabad
17.4648512,78.472566,,police,Telangana,osm_cache:Hyderabad
17.389303,78.5182437,,police,Telangana,osm_cache:Hyderabad
17.4498705,78.5374144,,police,Telangana,osm_cache:Hyderabad
17.3946616,78.4852099,,police,Telangana,osm_cache:Hyderabad
17.4000892,78.460378,,police,Telangana,osm_cache:Hyderabad
17.39555,78.4422291,,police,Telangana,osm_cache:Hyderabad
17.3779381,78.4917299,,police,Telangana,osm_cache:Hyderabad
17.3686441,78.5365773,,police,Telangana,osm_cache:Hyderabad
17.3467781,78.5515732,,police,Telangana,osm_cache:Hyderabad
17.3683187,78.5276599,,police,Telangana,osm_cache:Hyderabad
17.4393976,78.3958896,,police,Telangana,osm_cache:Hyderabad
17.3349988,78.46836,,police,Telangana,osm_cache:Hyderabad
17.4451064,78.5174812,,police,Telangana,osm_cache:Hyderabad
17.3923657,78.4689352,,police,Telangana,osm_cache:Hyderabad
17.4360262,78.4909597,,police,Telangana,osm_cache:Hyderabad
17.3889804,78.4761391,,police,Telangana,osm_cache:Hyderabad
17.3978573,78.4898195,,police,Telangana,osm_cache:Hyderabad
17.3889758,78.4761757,,police,Telangana,osm_cache:Hyderabad
17.4405614,78.4791247,,police,Telangana,osm_cache:Hyderabad
17.3586406,78.5010532,,police,Telangana,osm_cache:Hyderabad
17.4382434,78.3630264,,police,Telangana,osm_cache:Hyderabad
17.4458549,78.3519936,,police,Telangana,osm_cache:Hyderabad
17.3989925,78.4581018,,police,Telangana,osm_cache:Hyderabad
17.3628131,78.5040109,,police,Telangana,osm_cache:Hyderabad
17.4303106,78.513215,,police,Telangana,osm_cache:Hyderabad
17.382365,78.493562,,police,Telangana,osm_cache:Hyderabad
17.50919,78.448492,,police,Telangana,osm_cache:Hyderabad
17.4628678,78.364221,,police,Telangana,osm_cache:Hyderabad
17.3704861,78.5120044,,police,Telangana,osm_cache:Hyderabad
17.3620704,78.5091658,,police,Telangana,osm_cache:Hyderabad
17.3559794,78.4601652,,police,Telangana,osm_cache:Hyderabad
17.3617475,78.4881919,,police,Telangana,osm_cache:Hyderabad
17.3636186,78.480489,,police,Telangana,osm_cache:Hyderabad
17.3784078,78.4607424,,police,Telangana,osm_cache:Hyderabad
17.3863315,78.5169585,,police,Telangana,osm_cache:Hyderabad
17.534999,78.4346788,,police,Telangana,osm_cache:Hyderabad
17.4964332,78.3615646,,police,Telangana,osm_cache:Hyderabad
17.5040404,78.511667,,police,Telangana,osm_cache:Hyderabad
17.458988,78.5000445,,police,Telangana,osm_cache:Hyderabad
17.4802402,78.5114764,,police,Telangana,osm_cache:Hyderabad
17.4815966,78.4151719,,police,Telangana,osm_cache:Hyderabad
17.4533331,78.4140305,,police,Telangana,osm_cache:Hyderabad
17.4513495,78.3808903,,police,Telangana,osm_cache:Hyderabad
17.506386,78.4227008,,police,Telangana,osm_cache:Hyderabad
17.4801354,78.4185614,,police,Telangana,osm_cache:Hyderabad
17.3618349,78.4752661,,police,Telangana,osm_cache:Hyderabad
17.4316271,78.3699438,,police,Telangana,osm_cache:Hyderabad
17.4962031,78.3249237,,police,Telangana,osm_cache:Hyderabad
17.419353,78.5002994,,police,Telangana,osm_cache:Hyderabad
17.4362104,78.4883498,,police,Telangana,osm_cache:Hyderabad
17.38991,78.5167407,,police,Telangana,osm_cache:Hyderabad
17.4223986,78.4357409,,police,Telangana,osm_cache:Hyderabad
17.4026529,78.4628321,,police,Telangana,osm_cache:Hyderabad
17.4435126,78.3537653,,police,Telangana,osm_cache:Hyderabad
17.4967403,78.3957003,,police,Telangana,osm_cache:Hyderabad
17.4233421,78.380577,,police,Telangana,osm_cache:Hyderabad
17.4944555,78.3163307,,police,Telangana,osm_cache:Hyderabad
17.4964174,78.3475494,,police,Telangana,osm_cache:Hyderabad
17.4262429,78.4523748,,police,Telangana,osm_cache:Hyderabad
17.3681556,78.5276899,,police,Telangana,osm_cache:Hyderabad
17.4400707,78.4456014,,police,Telangana,osm_cache:Hyderabad
17.3748182,78.4484343,,police,Telangana,osm_cache:Hyderabad
17.4256406,78.340686,,police,Telangana,osm_cache:Hyderabad
17.3871953,78.5174291,,police,Telangana,osm_cache:Hyderabad
17.3336885,78.5083006,,police,Telangana,osm_cache:Hyderabad
22.7515954,75.8951965,,police,Madhya Pradesh,osm_cache:Indore
22.7250681,75.8877551,,police,Madhya Pradesh,osm_cache:Indore
22.7100183,75.8464913,,police,Madhya Pradesh,osm_cache:Indore
22.6959031,75.8416431,,police,Madhya Pradesh,osm_cache:Indore
22.7358525,75.9145323,,police,Madhya Pradesh,osm_cache:Indore
22.73595,75.9145268,,police,Madhya Pradesh,osm_cache:Indore
22.6390418,75.8879383,,police,Madhya Pradesh,osm_cache:Indore
22.6847671,75.8726313,,police,Madhya Pradesh,osm_cache:Indore
22.7853734,75.9056795,,police,Madhya Pradesh,osm_cache:Indore
22.6921153,75.868114,,police,Madhya Pradesh,osm_cache:Indore
22.7236008,75.88468,,police,Madhya Pradesh,osm_cache:Indore
22.7210223,75.8416914,,police,Madhya Pradesh,osm_cache:Indore
22.7290625,75.8073745,,police,Madhya Pradesh,osm_cache:Indore
22.705716,75.9046875,,police,Madhya Pradesh,osm_cache:Indore
22.7226591,75.8503005,,police,Madhya Pradesh,osm_cache:Indore
26.4541883,80.3642638,,police,Uttar Pradesh,osm_cache:Kanpur
26.510144,80.2419345,,police,Uttar Pradesh,osm_cache:Kanpur
26.4537138,80.3502878,,police,Uttar Pradesh,osm_cache:Kanpur
26.4673878,80.2983572,,police,Uttar Pradesh,osm_cache:Kanpur
26.4727272,80.3443978,,police,Uttar Pradesh,osm_cache:Kanpur
26.4731064,80.3429517,,police,Uttar Pradesh,osm_cache:Kanpur
26.4235197,80.388663,,police,Uttar Pradesh,osm_cache:Kanpur
9.9673515,76.2440364,,police,Kerala,osm_cache:Kochi
10.046978,76.315901,,police,Kerala,osm_cache:Kochi
9.9888696,76.2826992,,police,Kerala,osm_cache:Kochi
9.9691797,76.2512745,,police,Kerala,osm_cache:Kochi
10.0616167,76.2883836,,police,Kerala,osm_cache:Kochi
10.0246127,76.3077234,,police,Kerala,osm_cache:Kochi
9.9682328,76.2912524,,police,Kerala,osm_cache:Kochi
9.9701748,76.2970222,,police,Kerala,osm_cache:Kochi
9.9960152,76.2891741,,police,Kerala,osm_cache:Kochi
9.9536223,76.360905,,police,Kerala,osm_cache:Kochi
9.9547228,76.3610281,,police,Kerala,osm_cache:Kochi
9.9735714,76.2442749,,police,Kerala,osm_cache:Kochi
10.0567708,76.2876615,,police,Kerala,osm_cache:Kochi
9.950256,76.2926337,,police,Kerala,osm_cache:Kochi
9.9740482,76.2795549,,police,Kerala,osm_cache:Kochi
10.0366732,76.3385102,,police,Kerala,osm_cache:Kochi
9.9695308,76.3211645,,police,Kerala,osm_cache:Kochi
9.9419781,76.350393,,police,Kerala,osm_cache:Kochi
9.9540785,76.3610062,,police,Kerala,osm_cache:Kochi
9.9426917,76.3505582,,police,Kerala,osm_cache:Kochi
10.0222535,76.3076516,,police,Kerala,osm_cache:Kochi
10.0120082,76.2904883,,police,Kerala,osm_cache:Kochi
9.9374813,76.2618844,,police,Kerala,osm_cache:Kochi
9.9702343,76.4361538,,police,Kerala,osm_cache:Kochi
9.9494223,76.2917088,,police,Kerala,osm_cache:Kochi
9.987113,76.2761633,,police,Kerala,osm_cache:Kochi
9.9689222,76.251554,,police,Kerala,osm_cache:Kochi
9.9596819,76.2594739,,police,Kerala,osm_cache:Kochi
10.0392312,76.2190337,,police,Kerala,osm_cache:Kochi
9.9015279,76.3921256,,police,Kerala,osm_cache:Kochi
9.8517758,76.3070063,,police,Kerala,osm_cache:Kochi
9.9138292,76.3647149,,police,Kerala,osm_cache:Kochi
9.9080738,76.3166056,,police,Kerala,osm_cache:Kochi
9.9184715,76.3154968,,police,Kerala,osm_cache:Kochi
9.9418048,76.2857026,,police,Kerala,osm_cache:Kochi
9.9606679,76.2684694,,police,Kerala,osm_cache:Kochi
9.9544134,76.3607138,,police,Kerala,osm_cache:Kochi
9.9275483,76.2714381,,police,Kerala,osm_cache:Kochi
9.9893728,76.3993397,,police,Kerala,osm_cache:Kochi
10.00255,76.3058983,,police,Kerala,osm_cache:Kochi
9.9702536,76.4361409,,police,Kerala,osm_cache:Kochi
10.0178912,76.3357687,,police,Kerala,osm_cache:Kochi
10.0462548,76.3170746,,police,Kerala,osm_cache:Kochi
9.879134,76.2880873,,police,Kerala,osm_cache:Kochi
9.9868562,76.2757357,,police,Kerala,osm_cache:Kochi
9.8859948,76.2609298,,police,Kerala,osm_cache:Kochi
9.9360486,76.3520859,,police,Kerala,osm_cache:Kochi
10.0069754,76.3615261,,police,Kerala,osm_cache:Kochi
10.0208098,76.3453562,,police,Kerala,osm_cache:Kochi
10.0141956,76.256258,,police,Kerala,osm_cache:Kochi
9.9365133,76.3282261,,police,Kerala,osm_cache:Kochi
9.9870509,76.2759135,,police,Kerala,osm_cache:Kochi
9.9326205,76.3906757,,police,Kerala,osm_cache:Kochi
9.9869188,76.2759591,,police,Kerala,osm_cache:Kochi
22.5027682,88.3677291,,police,West Bengal,osm_cache:Kolkata
22.5393378,88.344409,,police,West Bengal,osm_cache:Kolkata
22.5725398,88.3524126,,police,West Bengal,osm_cache:Kolkata
22.4424481,88.4305142,,police,West Bengal,osm_cache:Kolkata
22.5841465,88.3788957,,police,West Bengal,osm_cache:Kolkata
22.566664,88.3653411,,police,West Bengal,osm_cache:Kolkata
22.6203718,88.4254168,,police,West Bengal,osm_cache:Kolkata
22.5425798,88.3989293,,police,West Bengal,osm_cache:Kolkata
22.5418694,88.3988261,,police,West Bengal,osm_cache:Kolkata
22.5767793,88.4298724,,police,West Bengal,osm_cache:Kolkata
22.5266453,88.3459941,,police,West Bengal,osm_cache:Kolkata
22.5627183,88.3541137,,police,West Bengal,osm_cache:Kolkata
22.5931156,88.356043,,police,West Bengal,osm_cache:Kolkata
22.5035284,88.3190032,,police,West Bengal,osm_cache:Kolkata
22.5088819,88.3068201,,police,West Bengal,osm_cache:Kolkata
22.547021,88.3680459,,police,West Bengal,osm_cache:Kolkata
22.5753874,88.3920651,,police,West Bengal,osm_cache:Kolkata
22.5516265,88.3564067,,police,West Bengal,osm_cache:Kolkata
22.6252145,88.3827397,,police,West Bengal,osm_cache:Kolkata
22.5551465,88.2605445,,police,West Bengal,osm_cache:Kolkata
22.5925126,88.3711427,,police,West Bengal,osm_cache:Kolkata
22.5888343,88.391005,,police,West Bengal,osm_cache:Kolkata
22.569139,88.3566114,,police,West Bengal,osm_cache:Kolkata
22.5688343,88.356961,,police,West Bengal,osm_cache:Kolkata
22.5893923,88.3951013,,police,West Bengal,osm_cache:Kolkata
22.5420398,88.3469829,,police,West Bengal,osm_cache:Kolkata
22.5420279,88.3471124,,police,West Bengal,osm_cache:Kolkata
22.6074097,88.3817952,,police,West Bengal,osm_cache:Kolkata
22.5210534,88.3646919,,police,West Bengal,osm_cache:Kolkata
22.6210025,88.4001483,,police,West Bengal,osm_cache:Kolkata
22.5213925,88.3437773,,police,West Bengal,osm_cache:Kolkata
22.5209102,88.3436495,,police,West Bengal,osm_cache:Kolkata
22.5417713,88.3988208,,police,West Bengal,osm_cache:Kolkata
22.5760865,88.4786223,,police,West Bengal,osm_cache:Kolkata
22.5917533,88.4179319,,police,West Bengal,osm_cache:Kolkata
22.5701609,88.4136698,,police,West Bengal,osm_cache:Kolkata
22.5802063,88.3545413,,police,West Bengal,osm_cache:Kolkata
22.5639477,88.3224955,,police,West Bengal,osm_cache:Kolkata
22.5707893,88.3263141,,police,West Bengal,osm_cache:Kolkata
22.5634761,88.3014599,,police,West Bengal,osm_cache:Kolkata
22.47378,88.4050232,,police,West Bengal,osm_cache:Kolkata
22.548483,88.3285549,,police,West Bengal,osm_cache:Kolkata
22.5851146,88.4531085,,police,West Bengal,osm_cache:Kolkata
22.6361332,88.3784194,,police,West Bengal,osm_cache:Kolkata
22.5646023,88.3961425,,police,West Bengal,osm_cache:Kolkata
28.5779649,77.3375263,,police,Uttar Pradesh,osm_cache:Noida
28.6378072,77.3782631,,police,Uttar Pradesh,osm_cache:Noida
28.6421878,77.3270651,,police,Uttar Pradesh,osm_cache:Noida
28.5306718,77.2045562,,police,Delhi,osm_cache:Noida
28.5983359,77.3112386,,police,Delhi,osm_cache:Noida
28.6499319,77.2432349,,police,Delhi,osm_cache:Noida
28.6558358,77.2190161,,police,Delhi,osm_cache:Noida
28.678628,77.3712722,,police,Uttar Pradesh,osm_cache:Noida
28.6585978,77.2310844,,police,Delhi,osm_cache:Noida
28.6524641,77.2337052,,police,Delhi,osm_cache:Noida
28.6778133,77.3578938,,police,Uttar Pradesh,osm_cache:Noida
28.6559206,77.2347384,,police,Delhi,osm_cache:Noida
28.5246843,77.2543284,,police,Delhi,osm_cache:Noida
28.6891306,77.2217498,,police,Delhi,osm_cache:Noida
28.66921,77.331314,,police,Uttar Pradesh,osm_cache:Noida
28.6301852,77.4340032,,police,Uttar Pradesh,osm_cache:Noida
28.5879796,77.2536138,,police,Delhi,osm_cache:Noida
28.6437003,77.2189266,,police,Delhi,osm_cache:Noida
28.635912,77.2222854,,police,Delhi,osm_cache:Noida
28.5019105,77.2907092,,police,Delhi,osm_cache:Noida
28.613379,77.3171717,,police,Delhi,osm_cache:Noida
28.6894132,77.2915327,,police,Delhi,osm_cache:Noida
28.5318943,77.2252646,,police,Delhi,osm_cache:Noida
28.6862014,77.2920281,,police,Delhi,osm_cache:Noida
28.6603874,77.2293263,,police,Delhi,osm_cache:Noida
28.4937527,77.3037682,,police,Haryana,osm_cache:Noida
28.667016,77.3062943,,police,Delhi,osm_cache:Noida
28.5289358,77.3845655,,police,Uttar Pradesh,osm_cache:Noida
28.6003274,77.2262488,,police,Delhi,osm_cache:Noida
28.6153345,77.2093428,,police,Delhi,osm_cache:Noida
28.6892958,77.2787079,,police,Delhi,osm_cache:Noida
28.6452469,77.2188823,,police,Delhi,osm_cache:Noida
28.6304085,77.2774333,,police,Delhi,osm_cache:Noida
28.655862,77.4333457,,police,Uttar Pradesh,osm_cache:Noida
28.6578336,77.4304575,,police,Uttar Pradesh,osm_cache:Noida
28.6308823,77.2253541,,police,Delhi,osm_cache:Noida
28.5006344,77.3163336,,police,Haryana,osm_cache:Noida
28.549942,77.2507374,,police,Delhi,osm_cache:Noida
28.6274655,77.232869,,police,Delhi,osm_cache:Noida
28.5617873,77.2877917,,police,Delhi,osm_cache:Noida
28.6012604,77.2273752,,police,Delhi,osm_cache:Noida
28.6599766,77.2671907,,police,Delhi,osm_cache:Noida
28.6657245,77.2080538,,police,Delhi,osm_cache:Noida
28.6689322,77.2073279,,police,Delhi,osm_cache:Noida
28.6694195,77.2073751,,police,Delhi,osm_cache:Noida
28.4610831,77.2849399,,police,Haryana,osm_cache:Noida
28.6250464,77.3061809,,police,Delhi,osm_cache:Noida
28.6250657,77.3062871,,police,Delhi,osm_cache:Noida
28.6316262,77.219012,,police,Delhi,osm_cache:Noida
28.6420284,77.2182954,,police,Delhi,osm_cache:Noida
28.6487676,77.3161693,,police,Uttar Pradesh,osm_cache:Noida
28.6480027,77.314937,,police,Delhi,osm_cache:Noida
28.6415133,77.2409554,,police,Delhi,osm_cache:Noida
28.6494703,77.2265741,,police,Delhi,osm_cache:Noida
28.6885469,77.3582814,,police,Uttar Pradesh,osm_cache:Noida
28.6883392,77.3404923,,police,Uttar Pradesh,osm_cache:Noida
28.6653684,77.2867347,,police,Delhi,osm_cache:Noida
28.6554103,77.298339,,police,Delhi,osm_cache:Noida
28.5528334,77.2411483,,police,Delhi,osm_cache:Noida
28.5588883,77.2442795,,police,Delhi,osm_cache:Noida
28.6725287,77.2761129,,police,Delhi,osm_cache:Noida
28.6778818,77.3032989,,police,Delhi,osm_cache:Noida
28.4989184,77.2140888,,police,Delhi,osm_cache:Noida
28.5356392,77.2917074,,police,Delhi,osm_cache:Noida
28.6201262,77.3027366,,police,Delhi,osm_cache:Noida
28.5759348,77.2251127,,police,Delhi,osm_cache:Noida
28.5037996,77.3193324,,police,Haryana,osm_cache:Noida
28.6253997,77.212071,,police,Delhi,osm_cache:Noida
28.6890673,77.2215343,,police,Delhi,osm_cache:Noida
28.6129295,77.3098433,,police,Delhi,osm_cache:Noida
28.573737,77.2096762,,police,Delhi,osm_cache:Noida
28.5684153,77.2206958,,police,Delhi,osm_cache:Noida
28.6331466,77.2195152,,police,Delhi,osm_cache:Noida
28.5732388,77.2090211,,police,Delhi,osm_cache:Noida
28.6694198,77.2323235,,police,Delhi,osm_cache:Noida
28.5669719,77.3237677,,police,Uttar Pradesh,osm_cache:Noida
28.5826675,77.25304,,police,Delhi,osm_cache:Noida
28.5593548,77.2324817,,police,Delhi,osm_cache:Noida
28.5819346,77.2146901,,police,Delhi,osm_cache:Noida
28.5855227,77.2201421,,police,Delhi,osm_cache:Noida
28.6509253,77.2360244,,police,Delhi,osm_cache:Noida
28.56817,77.2419945,,police,Delhi,osm_cache:Noida
28.5596844,77.235738,,police,Delhi,osm_cache:Noida
28.5652358,77.2322376,,police,Delhi,osm_cache:Noida
28.5693175,77.2232911,,police,Delhi,osm_cache:Noida
28.5690975,77.2201569,,police,Delhi,osm_cache:Noida
28.6664277,77.2269535,,police,Delhi,osm_cache:Noida
28.559976,77.3662248,,police,Uttar Pradesh,osm_cache:Noida
28.6362915,77.3812639,,police,Uttar Pradesh,osm_cache:Noida
28.5497122,77.2553709,,police,Delhi,osm_cache:Noida
28.5367835,77.2495134,,police,Delhi,osm_cache:Noida
28.5932105,77.3407466,,police,Uttar Pradesh,osm_cache:Noida
28.5233652,77.2083829,,police,Delhi,osm_cache:Noida
28.5625518,77.2674314,,police,Delhi,osm_cache:Noida
28.6748039,77.2850581,,police,Delhi,osm_cache:Noida
28.5308191,77.2656868,,police,Delhi,osm_cache:Noida
28.6417309,77.2413386,,police,Delhi,osm_cache:Noida
28.6231116,77.3399689,,police,Uttar Pradesh,osm_cache:Noida
28.6645906,77.286262,,police,Delhi,osm_cache:Noida
28.6425191,77.2260672,,police,Delhi,osm_cache:Noida
28.5328269,77.2194906,,police,Delhi,osm_cache:Noida
28.6541302,77.2107352,,police,Delhi,osm_cache:Noida
28.6251166,77.2446595,,police,Delhi,osm_cache:Noida
28.6454252,77.2090042,,police,Delhi,osm_cache:Noida
28.5779761,77.2599064,,police,Delhi,osm_cache:Noida
28.5922683,77.243758,,police,Delhi,osm_cache:Noida
28.6298552,77.2141861,,police,Delhi,osm_cache:Noida
28.6818244,77.2785179,,police,Delhi,osm_cache:Noida
28.5890153,77.3514693,,police,Uttar Pradesh,osm_cache:Noida
28.6178784,77.235502,,police,Delhi,osm_cache:Noida
28.5263479,77.2170694,,police,Delhi,osm_cache:Noida
28.5543372,77.2322875,,police,Delhi,osm_cache:Noida
28.6520096,77.3558766,,police,Uttar Pradesh,osm_cache:Noida
28.4999274,77.4016887,,police,Uttar Pradesh,osm_cache:Noida
28.5306599,77.3188121,,police,Delhi,osm_cache:Noida
28.539244,77.3404996,,police,Uttar Pradesh,osm_cache:Noida
28.6037632,77.323488,,police,Delhi,osm_cache:Noida
28.63741,77.270736,,police,Delhi,osm_cache:Noida
28.6392583,77.2954152,,police,Delhi,osm_cache:Noida
28.546192,77.2431308,,police,Delhi,osm_cache:Noida
28.6409752,77.2244936,,police,Delhi,osm_cache:Noida
28.6498177,77.225785,,police,Delhi,osm_cache:Noida
28.6498297,77.2268232,,police,Delhi,osm_cache:Noida
28.6490602,77.351376,,police,Uttar Pradesh,osm_cache:Noida
28.5710129,77.3238501,,police,Uttar Pradesh,osm_cache:Noida
28.6028971,77.3128469,,police,Delhi,osm_cache:Noida
28.6886321,77.2097179,,police,Delhi,osm_cache:Noida
28.5716754,77.3515191,,police,Uttar Pradesh,osm_cache:Noida
15.589898,73.946045,,police,Goa,osm_cache:North-goa
15.6299952,73.876971,,police,Goa,osm_cache:North-goa
15.5620323,74.0103779,,police,Goa,osm_cache:North-goa
15.5008139,73.9146571,,police,Goa,osm_cache:North-goa
23.3536122,85.3378341,,police,Jharkhand,osm_cache:Ranchi
23.3660152,85.324564,,police,Jharkhand,osm_cache:Ranchi
23.3213048,85.3031239,,police,Jharkhand,osm_cache:Ranchi
23.2669215,85.3796546,,police,Jharkhand,osm_cache:Ranchi
23.3387767,85.3217982,,police,Jharkhand,osm_cache:Ranchi
23.371628,85.3353855,,police,Jharkhand,osm_cache:Ranchi
23.3934131,85.3484455,,police,Jharkhand,osm_cache:Ranchi
23.2649134,85.3046308,,police,Jharkhand,osm_cache:Ranchi
23.2881882,85.3117735,,police,Jharkhand,osm_cache:Ranchi
23.2974981,85.2760472,,police,Jharkhand,osm_cache:Ranchi
23.3051145,85.3424918,,police,Jharkhand,osm_cache:Ranchi
23.3886591,85.2779116,,police,Jharkhand,osm_cache:Ranchi
23.3159242,85.2981969,,police,Jharkhand,osm_cache:Ranchi
23.2926217,85.3009428,,police,Jharkhand,osm_cache:Ranchi
23.3705851,85.3219737,,police,Jharkhand,osm_cache:Ranchi
23.3705922,85.3224594,,police,Jharkhand,osm_cache:Ranchi
23.3707226,85.3220732,,police,Jharkhand,osm_cache:Ranchi
21.1983247,72.8194544,,police,Gujarat,osm_cache:Surat
21.1648314,72.7803298,,police,Gujarat,osm_cache:Surat
21.1689912,72.8300864,,police,Gujarat,osm_cache:Surat
21.2051031,72.8239712,,police,Gujarat,osm_cache:Surat
21.1801327,72.8027537,,police,Gujarat,osm_cache:Surat
21.1791249,72.8037006,,police,Gujarat,osm_cache:Surat
8.5093212,76.9567814,,police,Kerala,osm_cache:Thiruvananthapuram
8.4808658,76.9686113,,police,Kerala,osm_cache:Thiruvananthapuram
8.5699892,76.8717434,,police,Kerala,osm_cache:Thiruvananthapuram
8.4410206,76.9596666,,police,Kerala,osm_cache:Thiruvananthapuram
8.5357989,76.9671077,,police,Kerala,osm_cache:Thiruvananthapuram
8.5422637,76.9134781,,police,Kerala,osm_cache:Thiruvananthapuram
8.5119183,76.9527059,,police,Kerala,osm_cache:Thiruvananthapuram
8.4857161,76.9504191,,police,Kerala,osm_cache:Thiruvananthapuram
8.4961923,76.9785637,,police,Kerala,osm_cache:Thiruvananthapuram
8.5197398,76.9538461,,police,Kerala,osm_cache:Thiruvananthapuram
8.5098272,76.8889062,,police,Kerala,osm_cache:Thiruvananthapuram
8.5061742,76.9625917,,police,Kerala,osm_cache:Thiruvananthapuram
8.481956,76.934243,,police,Kerala,osm_cache:Thiruvananthapuram
8.4958429,76.9496842,,police,Kerala,osm_cache:Thiruvananthapuram
8.5702183,77.0164517,,police,Kerala,osm_cache:Thiruvananthapuram
8.4642201,76.9332936,,police,Kerala,osm_cache:Thiruvananthapuram
8.4643506,76.9335604,,police,Kerala,osm_cache:Thiruvananthapuram
8.4643987,76.9337358,,police,Kerala,osm_cache:Thiruvananthapuram
8.4872252,76.9546002,,police,Kerala,osm_cache:Thiruvananthapuram
8.5707386,77.0170874,,police,Kerala,osm_cache:Thiruvananthapuram
8.4896264,77.0402564,,police,Kerala,osm_cache:Thiruvananthapuram
8.4119831,77.0398601,,police,Kerala,osm_cache:Thiruvananthapuram
8.3917059,76.976718,,police,,osm_cache:Thiruvananthapuram
8.3824593,76.9920004,,police,,osm_cache:Thiruvananthapuram
8.5067344,76.9620902,,police,Kerala,osm_cache:Thiruvananthapuram
8.5639147,76.9486422,,police,Kerala,osm_cache:Thiruvananthapuram
8.4941044,76.940563,,police,Kerala,osm_cache:Thiruvananthapuram
8.5098367,76.9420504,,police,Kerala,osm_cache:Thiruvananthapuram
8.5101473,76.9559939,,police,Kerala,osm_cache:Thiruvananthapuram
8.5068285,76.955253,,police,Kerala,osm_cache:Thiruvananthapuram
8.6049054,77.0031713,,police,Kerala,osm_cache:Thiruvananthapuram
8.5078749,76.9553162,,police,Kerala,osm_cache:Thiruvananthapuram
8.5060778,76.9543673,,police,Kerala,osm_cache:Thiruvananthapuram
8.4252054,77.0453596,,police,Kerala,osm_cache:Thiruvananthapuram
8.4543522,77.0037996,,police,Kerala,osm_cache:Thiruvananthapuram
8.5928235,76.9531275,,police,Kerala,osm_cache:Thiruvananthapuram
8.5184988,76.9408331,,police,Kerala,osm_cache:Thiruvananthapuram
8.5183243,76.9411412,,police,Kerala,osm_cache:Thiruvananthapuram
8.5148851,76.9363343,,police,Kerala,osm_cache:Thiruvananthapuram
8.5079874,76.946606,,police,Kerala,osm_cache:Thiruvananthapuram
8.5699787,76.871765,,police,Kerala,osm_cache:Thiruvananthapuram
8.6043385,76.8514683,,police,Kerala,osm_cache:Thiruvananthapuram
8.5242256,76.9888758,,police,Kerala,osm_cache:Thiruvananthapuram
8.4983613,76.9500091,,police,Kerala,osm_cache:Thiruvananthapuram
8.4984031,76.9498586,,police,Kerala,osm_cache:Thiruvananthapuram
8.3791744,76.9895538,,police,,osm_cache:Thiruvananthapuram
8.5213411,76.9293074,,police,Kerala,osm_cache:Thiruvananthapuram
8.4967605,76.9324136,,police,Kerala,osm_cache:Thiruvananthapuram
8.5243005,76.9700801,,police,Kerala,osm_cache:Thiruvananthapuram
8.4486435,77.0345224,,police,Kerala,osm_cache:Thiruvananthapuram
8.5637214,76.9484025,,police,Kerala,osm_cache:Thiruvananthapuram
8.5215056,77.0392226,,police,Kerala,osm_cache:Thiruvananthapuram
8.4899973,77.0392189,,police,Kerala,osm_cache:Thiruvananthapuram
8.4470461,76.9466236,,police,Kerala,osm_cache:Thiruvananthapuram
8.482171,76.9133858,,police,Kerala,osm_cache:Thiruvananthapuram
8.4921216,76.9406355,,police,Kerala,osm_cache:Thiruvananthapuram
22.2707302,73.2032808,,police,Gujarat,osm_cache:Vadodara
22.2798149,73.2091071,,police,Gujarat,osm_cache:Vadodara
22.3331241,73.2163827,,police,Gujarat,osm_cache:Vadodara
